,freqs,gc_L1-L2->Fp1,gctr_L1-L2->Fp1,gc_Fp1->L1-L2,gctr_Fp1->L1-L2,gc_L1-L2->Fp2,gctr_L1-L2->Fp2,gc_Fp2->L1-L2,gctr_Fp2->L1-L2,gc_L1-L2->F7,gctr_L1-L2->F7,gc_F7->L1-L2,gctr_F7->L1-L2,gc_L1-L2->F8,gctr_L1-L2->F8,gc_F8->L1-L2,gctr_F8->L1-L2,gc_L1-L2->T7,gctr_L1-L2->T7,gc_T7->L1-L2,gctr_T7->L1-L2,gc_L1-L2->P7,gctr_L1-L2->P7,gc_P7->L1-L2,gctr_P7->L1-L2,gc_L1-L2->T8,gctr_L1-L2->T8,gc_T8->L1-L2,gctr_T8->L1-L2,gc_L1-L2->P8,gctr_L1-L2->P8,gc_P8->L1-L2,gctr_P8->L1-L2,gc_L1-L2->O1,gctr_L1-L2->O1,gc_O1->L1-L2,gctr_O1->L1-L2,gc_L1-L2->O2,gctr_L1-L2->O2,gc_O2->L1-L2,gctr_O2->L1-L2,gc_L2-L3->Fp1,gctr_L2-L3->Fp1,gc_Fp1->L2-L3,gctr_Fp1->L2-L3,gc_L2-L3->Fp2,gctr_L2-L3->Fp2,gc_Fp2->L2-L3,gctr_Fp2->L2-L3,gc_L2-L3->F7,gctr_L2-L3->F7,gc_F7->L2-L3,gctr_F7->L2-L3,gc_L2-L3->F8,gctr_L2-L3->F8,gc_F8->L2-L3,gctr_F8->L2-L3,gc_L2-L3->T7,gctr_L2-L3->T7,gc_T7->L2-L3,gctr_T7->L2-L3,gc_L2-L3->P7,gctr_L2-L3->P7,gc_P7->L2-L3,gctr_P7->L2-L3,gc_L2-L3->T8,gctr_L2-L3->T8,gc_T8->L2-L3,gctr_T8->L2-L3,gc_L2-L3->P8,gctr_L2-L3->P8,gc_P8->L2-L3,gctr_P8->L2-L3,gc_L2-L3->O1,gctr_L2-L3->O1,gc_O1->L2-L3,gctr_O1->L2-L3,gc_L2-L3->O2,gctr_L2-L3->O2,gc_O2->L2-L3,gctr_O2->L2-L3,gc_L3-L4->Fp1,gctr_L3-L4->Fp1,gc_Fp1->L3-L4,gctr_Fp1->L3-L4,gc_L3-L4->Fp2,gctr_L3-L4->Fp2,gc_Fp2->L3-L4,gctr_Fp2->L3-L4,gc_L3-L4->F7,gctr_L3-L4->F7,gc_F7->L3-L4,gctr_F7->L3-L4,gc_L3-L4->F8,gctr_L3-L4->F8,gc_F8->L3-L4,gctr_F8->L3-L4,gc_L3-L4->T7,gctr_L3-L4->T7,gc_T7->L3-L4,gctr_T7->L3-L4,gc_L3-L4->P7,gctr_L3-L4->P7,gc_P7->L3-L4,gctr_P7->L3-L4,gc_L3-L4->T8,gctr_L3-L4->T8,gc_T8->L3-L4,gctr_T8->L3-L4,gc_L3-L4->P8,gctr_L3-L4->P8,gc_P8->L3-L4,gctr_P8->L3-L4,gc_L3-L4->O1,gctr_L3-L4->O1,gc_O1->L3-L4,gctr_O1->L3-L4,gc_L3-L4->O2,gctr_L3-L4->O2,gc_O2->L3-L4,gctr_O2->L3-L4
0,8.0,0.037005664292758665,0.032896307442177884,0.036934829077611656,0.0389719931393195,0.04867592156170275,0.02105661412031168,0.01603935029311714,0.04703006756815853,0.02525998389820856,0.04119817066293337,0.04998448963667244,0.027470452146254588,0.04634216898839512,0.03116791635543592,0.027113127111872616,0.04687546083607401,0.019599722055779978,0.059930443993776804,0.04497690077375864,0.016447179768898222,0.0039438160987771195,0.0331241256158485,0.01898554341432899,0.0021316348531527753,0.014085506689504257,0.05524298410133781,0.06441158134073674,0.014028510614419787,0.00641259259552811,0.04679750167588352,0.038874896501643975,0.005552620905997685,0.01292190361064911,0.016122210130041024,0.006067347820711433,0.013101990759234638,0.015595565005591538,0.021201003351687574,0.011156094437698272,0.015953783429836933,0.02505394025964449,0.06756094373673989,0.07246404724565281,0.029738166908767738,0.012835618926447268,0.057931332777425126,0.05750369297597544,0.020343619444997074,0.024086707754940307,0.037167473498232795,0.03906993535088503,0.025738928656253535,0.0519604660929545,0.04961869590878507,0.051841440220682954,0.05863051124980245,0.025385899162085935,0.034648899011984466,0.03690559994518949,0.020236680106396676,0.040182450544398306,0.037176076191918386,0.0487915936692481,0.030011469047515504,0.052882158998154696,0.029410472010787458,0.026262118545038505,0.05989337898765186,0.03695372676296884,0.02020999720504548,0.013684160981976135,0.039213803090218845,0.050463914026483536,0.026695761534142548,0.037423416723896,0.039360815252984335,0.050170206226989936,0.023866444884804848,0.016596496412464034,0.036346353205108525,0.010218306537566946,0.011657078856275404,0.02344801010208215,0.017530560521102957,0.016013458309573993,0.007732812805594591,0.019776784722733254,0.02251076722011689,0.014464434483231514,0.013994230011753216,0.02032590109130794,0.018291189084664695,0.020809119355987348,0.008511620052338742,0.017047165429537613,0.025890110795667453,0.02056368728025575,0.026358608017891073,0.03199534922781808,0.021958412486643653,0.008009624939175808,0.010239895696573598,0.012732814060029796,0.007632612928734517,0.011650524060988232,0.010639346929505678,0.01785432174318231,0.007423010680374631,0.009310387688203293,0.019174699898327673,0.021116101456259175,0.00558454050563526,0.005715591447529533,0.00682738016400819,0.009120589566848025,0.002435381144273663,0.00806415612445619,0.011777064430283701,0.012144593935528292,0.007458976861347111
1,9.0,0.04117963246930856,0.02584666484207716,0.022909504380042734,0.041826078050680594,0.03898834992250215,0.011778753800626873,0.011453492422545963,0.04151668102757924,0.034801418954490515,0.031104822662844357,0.03043962896141821,0.03515773368438815,0.03350327014195429,0.014196780991004942,0.013151155204460706,0.030960457209011593,0.02841627997680689,0.041444424687762195,0.04217534144626782,0.03411760572851961,0.004331852711462858,0.02731096483940192,0.03068498704004128,0.007261473810272178,0.019138205706901345,0.038550023543329814,0.036852947399253114,0.018338886585934234,0.014264536919130677,0.03977206870838046,0.035916652968563056,0.012802558374033168,0.005669957053574137,0.027559733516160635,0.02134203755658177,0.007926773879889737,0.024309782710847827,0.03352508610423115,0.024032929130578397,0.01868253246547553,0.01838712278177823,0.06539774449136644,0.06230245548730764,0.018044533973262132,0.017127450154810476,0.05119409198560589,0.043751643248895536,0.014359247224085436,0.01625290602959666,0.04706861467843524,0.04498469852399865,0.014283884264273183,0.03580697963150357,0.043603211819056756,0.04417987475182059,0.036810008230911254,0.020643651070591316,0.020661474404779768,0.024356796325140095,0.020195188314493608,0.03621925665560681,0.03369301607105442,0.0486503230390376,0.036445657633295526,0.04978804414502917,0.03739229112676057,0.03910745744148301,0.04980564329822741,0.038268895088661735,0.022797814248177416,0.0223536909567116,0.039438481801470714,0.03274825647929447,0.03165426016764954,0.0418121905797804,0.0364978372595921,0.04029221070290205,0.021150465673756714,0.01817255045522188,0.04208634739509023,0.015599544209173644,0.025708361865188323,0.02381703811950686,0.013938916126689804,0.013863195826192509,0.015278556274274279,0.016627473681700165,0.012753694166429597,0.014099433086368407,0.03523047288638992,0.03591546509888062,0.01636273510081594,0.013798548856355808,0.01975590977698758,0.01974199495345914,0.013325157225942519,0.01369095922707686,0.03689182658448544,0.04385299092838082,0.016505589340066962,0.01692721756169746,0.037032590297918944,0.04536765723993952,0.012727028224265524,0.015967213320912776,0.03420006241408515,0.03466663325222754,0.012410811799689725,0.025899595850375334,0.049981210307946354,0.04199253996693671,0.015998171296755716,0.03142639062935473,0.029140057281846054,0.03060373670095302,0.019180881481661062,0.03505600084732592,0.03928761773413214,0.027528584325832384,0.01941986495120531
2,10.0,0.03259286339060665,0.02347195182528452,0.022820658717547813,0.03278943925467317,0.027859510807179078,0.01034945593294907,0.012117183726370228,0.024913342146356144,0.02628259583509589,0.032659200640623706,0.030015253162474664,0.02672357918523218,0.01990192912778497,0.013304659654701113,0.014915456856311949,0.018917436151827616,0.028990156470778315,0.027231210140111272,0.026598648477133224,0.025697981868790975,0.008946907836990193,0.03202420260611518,0.03519174948148276,0.013150086500935031,0.01365951918201489,0.028301522833793058,0.030982781524851077,0.014181087642611345,0.011934022084304274,0.03202173112341171,0.03319648906616024,0.01373584639983889,0.009546921343346781,0.03137474997963992,0.03446442768159841,0.011023335596846096,0.0236827566393913,0.03810251409252032,0.03565263080393279,0.017470125003060843,0.013164744394215689,0.031197381890358856,0.03388253832775447,0.013537061759413405,0.01630123488879818,0.026544307412616062,0.027696578449338462,0.01502407495963709,0.012686553588457628,0.02619459444608623,0.02356765623561401,0.011174644602933626,0.017249610469249176,0.01952379605984831,0.023603577666527542,0.021369359258230247,0.013654094759428404,0.00907450270746395,0.008463689371619409,0.014234031510174817,0.023434565779349725,0.02704053569308442,0.046015172122976365,0.02917645242029181,0.027563683276166272,0.021562262812214072,0.024935662186756247,0.02943958920741423,0.025385992793994207,0.014582152400058845,0.01973816384402056,0.02941660614569912,0.01997824637151311,0.03084853910055472,0.062150442972403394,0.03328632193321397,0.01614655519654278,0.022565753438905746,0.031566407391473206,0.03144619436011453,0.03688281379416054,0.024372131822111242,0.024432357282809392,0.024268108571796888,0.01640830890756533,0.011128845984070778,0.010810489968633163,0.015524623899586486,0.03748292099954824,0.04011176085822114,0.0372444874820161,0.03017327889337267,0.011916106584317276,0.02176399291420452,0.0192593434362216,0.013138452873547379,0.02409181313039994,0.037641151220246624,0.03179590711944798,0.01884829513594468,0.01776119799080078,0.04037976271203121,0.04065964483235618,0.015677687914339343,0.02222260906569957,0.031018946152069304,0.029731535339485048,0.01580528589722121,0.028779734259873634,0.037974509125844234,0.029972467334629726,0.022300005569476155,0.031352697775882635,0.037650627628092084,0.03479191633283989,0.02963882473274495,0.035279366776443055,0.02987321243598586,0.022166392571152473,0.023258849574676787
3,11.0,0.02071226116397895,0.008207771980416823,0.011701911219842742,0.02526651826586459,0.01514613952820767,0.008789794323104871,0.010769882644422779,0.018202946711769384,0.02274443731297282,0.014499129268850908,0.018450804525368625,0.0262509330286278,0.015240825786529655,0.014540459168333797,0.01515699306723448,0.017978750393766063,0.02519906254067905,0.016458993366551766,0.015612984129377594,0.022369006771761235,0.009035179470642163,0.017739423463470416,0.02290092834516031,0.009217300586880129,0.021508348935867616,0.025520219092391726,0.023397445799231774,0.024099039133066213,0.015304648719072843,0.018026860367590557,0.02078740738300411,0.017345473166090385,0.010124361522050407,0.020050353641842378,0.027807235501769157,0.009741916186298738,0.018480107161234827,0.02466177845534361,0.028134242766334694,0.018862368289230602,0.006605296455797572,0.016178061832253832,0.021418148797179272,0.008814851542039292,0.008798774231451745,0.017032578764968064,0.021201001462769396,0.009947712633358918,0.010438114241188855,0.013619080746859424,0.014302246308793797,0.011325972854889699,0.008776680085735223,0.011696950613125524,0.018231508595986413,0.012340311523856683,0.01620614551713473,0.005959880512710925,0.005207787187065804,0.015745894689709418,0.016695466021137407,0.017370249395145265,0.019083873220361626,0.027696310000098378,0.010001586345843094,0.016724930875759013,0.024739319468981336,0.014588132954237665,0.009108662748560903,0.015826085057608453,0.021678094156192172,0.014477979167012479,0.013802310948855024,0.020209464356005923,0.03424260410548428,0.03268189791435248,0.0038023001514815745,0.01875491028653258,0.02375406436894707,0.01672620226485506,0.034153432532264105,0.009375479037735345,0.009976296182360756,0.024403238191699473,0.030167386324903588,0.00427314987741525,0.003559281041568596,0.026385132915631004,0.0267323129581186,0.02010862465928156,0.021736386728419176,0.02044747686089963,0.029782153258556578,0.007117866001047446,0.006676307453313513,0.02665672008371871,0.01738261932278178,0.01913883742743607,0.01434683714953664,0.015328736483110816,0.01609352892394398,0.02859639929783242,0.030827165781276734,0.017340864816659973,0.03357762332355137,0.016872778227925524,0.01423551794110196,0.02343989504361872,0.03224890632988249,0.017230759660982642,0.013917894279804699,0.02625002511399117,0.027380469889872215,0.03463914781586084,0.03630446408089938,0.03125018353689555,0.03262037790433965,0.022852550504753565,0.018170730532765588,0.029729746410486514
4,12.0,0.01815724095281368,0.012463703263244951,0.01744790739472819,0.020653753363816918,0.01027690287471401,0.011459700702148013,0.012304924272513063,0.011207111124529944,0.023968973868202424,0.011036936634351947,0.01671159064478047,0.025191558750745458,0.014766968661468382,0.015405972504159138,0.014997845716751357,0.014847795564666911,0.01657205470648364,0.012174284481233144,0.010744029735254656,0.014637147387106354,0.0082656097167785,0.014584053097471638,0.017776113917422974,0.009466678981926435,0.017813215079400636,0.02250230066564072,0.023274931555276622,0.01913437918078955,0.009626278270405918,0.011454999749120277,0.01768947582565943,0.01422795288081673,0.010822453775504925,0.019734856618126174,0.027269790147611418,0.01495992646579083,0.0097820695343394,0.01546301181097931,0.026754862509459798,0.020672134212921377,0.0052511930701697905,0.012963764426864088,0.015880175302488198,0.0064740558710326464,0.0068963910566338885,0.015295808750532557,0.016511678595725242,0.005799298002368403,0.011957711527919912,0.015528076898689847,0.018698624851378298,0.015221489117988795,0.00551603043367308,0.014818530644087956,0.01729990285776637,0.005031403718759009,0.01646461538305246,0.00834438641084887,0.00878695287083886,0.01729858737208758,0.013094852723892814,0.012946943641716757,0.00947834044853053,0.02854724200745764,0.0033326920332783063,0.02904765681182724,0.0355566466677729,0.006801226622800982,0.0034970115273893045,0.02155405536186521,0.031029490578983143,0.009614280748328952,0.008291526417752238,0.015306372148244662,0.021932806548547033,0.026564179335543513,0.002996846295834388,0.014172895499454085,0.02497804002271522,0.013382725844726195,0.02384224611584713,0.020694088401267408,0.018203450074491912,0.02243628233199004,0.029435959302516322,0.014018945622731848,0.01127191799639391,0.02624449354329954,0.021877623256911248,0.01583616931818952,0.018169433701858397,0.01787994891231861,0.036401455993956236,0.010259954271408134,0.008647348711610192,0.029610970861251928,0.015516577177699276,0.010457525011167234,0.010454912296130204,0.01439667884831337,0.015210396030635565,0.018762495561896485,0.02176575253073736,0.01744746327638751,0.02852128218693011,0.012665987498000675,0.009204440939095804,0.019702431313334757,0.02009625214369919,0.008918596867236773,0.010212656729063952,0.023658862671543802,0.020738039643735107,0.029130881403384025,0.03379192059027858,0.026010015445261558,0.018576380473134434,0.013001918433110405,0.01749349984038915,0.024593733768692515
5,13.0,0.01353848667133235,0.01732216859563849,0.01851117331573775,0.014023253807621927,0.008840225804220125,0.015194286890105246,0.014049207979844169,0.009587963992661486,0.01848722482212182,0.01770398626091989,0.018397580630511355,0.016664158576762133,0.013883334654575918,0.01582731128439079,0.014740628816772272,0.01408671359487812,0.011355446416170168,0.015180294822026496,0.012779445772801523,0.009201617930963125,0.01230880323091057,0.012634455314052672,0.01499280111014727,0.013930968059634096,0.012602156568086543,0.0236084835642437,0.025862730343311567,0.012479150867356736,0.007099892646984074,0.012402831862453213,0.017686017817591448,0.008717285203879044,0.011174944584796264,0.016528991479979282,0.01996395862937561,0.01374935962450934,0.0051725158908134,0.012350863125138289,0.021851848602508994,0.011663568355381671,0.005382874471919053,0.01501064658150213,0.015650057934950466,0.006090486656265171,0.004509914301768702,0.016668587053301563,0.01792142357981561,0.003435991990860998,0.015083640539329224,0.015593659711229436,0.015030403628910704,0.017439172510540148,0.0035672055953540394,0.01579765521150378,0.017477085198231636,0.0036447812241704016,0.020329748112677494,0.011237771565414788,0.0129736958750982,0.017915009849178175,0.006762291485453176,0.01287365947645398,0.012013499216999434,0.015355751466948675,0.003802474571626391,0.02794829878894802,0.03531348686324946,0.007570250630018904,0.004731241606921089,0.017672221832450673,0.028605641347803613,0.010425617881389116,0.0036507105802854765,0.011626456383802974,0.01299248807350537,0.014011409374173667,0.004526930156539777,0.01112977436953173,0.019281400779789237,0.010807403186620945,0.017864150195180884,0.025412366670297358,0.02362831619152104,0.01962345375854966,0.020765324515097206,0.015673579961583074,0.014051948743129827,0.022156460507125785,0.016930678159931746,0.014498636787228491,0.01597815068030215,0.016308625275839716,0.02691653759883863,0.010794655346627024,0.010302721549059157,0.027669862377455702,0.012449366274100981,0.006778855995785449,0.006878159184527277,0.013528902193598213,0.01637209915131521,0.011109966464103848,0.01285815221333877,0.018327085651336717,0.01934845754076022,0.010508034513947707,0.009868859998069723,0.0187941354482831,0.012836429005577087,0.012128506051392662,0.014230719748543664,0.01761374115950929,0.01705677585883052,0.022014145578223322,0.025611107596591152,0.02076606054522756,0.009039207750426215,0.015739464230344426,0.022981865659542678,0.012286647701012754
6,14.0,0.011683569513983371,0.011520718517191142,0.00967099236615212,0.009306693766664154,0.008832552986429931,0.012373588511896827,0.010360926868271747,0.00887659199054056,0.013614326204306337,0.01076237554646653,0.009311676532165336,0.010587982706728383,0.012029134515120176,0.0129744531846967,0.011739760084620344,0.01274046564883662,0.012833891243979424,0.010184636850943462,0.009259055396147886,0.012131220452808122,0.014529305294278316,0.011121176980156378,0.011147499550268235,0.015147961964816404,0.009942374886786353,0.025366223324916604,0.022744525906241365,0.00906404823538196,0.007701688288863551,0.017974760942201583,0.016723755591723233,0.007489269145325039,0.010904798437625374,0.015376570867999106,0.01569324401430592,0.012057484139462815,0.00545399946024574,0.01775983476642935,0.020694286655562878,0.01067765921680106,0.004393648350711743,0.016320686717240563,0.013300504996947637,0.004416703864768579,0.004751289564295292,0.018361955103552673,0.016228858277462878,0.003493872089974559,0.014051543312061909,0.0152761812607622,0.010842800032971667,0.012845384342097787,0.005039515796551086,0.01511641806992614,0.01617543331699025,0.005786950604463215,0.022970466056101202,0.013360019877358553,0.014464393850333579,0.019709024097011252,0.008219929432436147,0.013842990054952509,0.018971441722447226,0.014042982860330965,0.008651170242950456,0.02421766881353733,0.02899848343903102,0.01117854279123449,0.007259342387624201,0.014982866711108756,0.019748381747365328,0.010561093824703249,0.005737490604467155,0.008499916274583796,0.011741300742612282,0.014361205578526182,0.005737040865966492,0.009447664381020359,0.011693452827301342,0.00946858984830925,0.017070210000827757,0.021717290875597685,0.024010940355277198,0.019057592715834203,0.015142631429211661,0.012749922215676435,0.013742894683839069,0.017835742477121386,0.016204593680968316,0.012663922822785167,0.015843829220538907,0.019148414244255462,0.01957861660640887,0.010803547703585537,0.01257628675619813,0.02525219664699918,0.015895081337588834,0.004755878703890914,0.005012337399287503,0.01890614706878182,0.016161131974406117,0.008335943114382616,0.009129160822273264,0.020202456526610034,0.01438128733872901,0.00835726978959599,0.009486294054394762,0.01727349044186539,0.013541481641912868,0.011257573671910137,0.01214062772805775,0.016737144542990735,0.012898209609800659,0.015694783698078398,0.01852446086059345,0.016787575584918103,0.0057636584726772355,0.015619046866223129,0.018168165565381145,0.00683316064453976
7,15.0,0.007260664242161851,0.0069798269900239514,0.006716834346908484,0.0043127946219605915,0.00714186249216624,0.010648280438859814,0.009579599327881994,0.005709489407010437,0.005739238314205153,0.008584697848045409,0.00814019373839514,0.0036704879762154974,0.008789576626961804,0.011092807247126756,0.010951223981841451,0.008449076371586272,0.012539095654044985,0.01044822154517604,0.011197771624534881,0.01251556588316589,0.01287715148450701,0.006602953244286169,0.006394508488646267,0.01285492875623433,0.009577736871410992,0.021907203033207878,0.02123428463349697,0.008549249781700042,0.007251905716444895,0.01684760439219275,0.01379836665395473,0.006713589430880518,0.008420714888602276,0.008892611135434691,0.00816522509083768,0.010035995656969731,0.007454104748803303,0.015980401248609867,0.013516011379441296,0.010441481669036533,0.007447367703650088,0.015010171351891444,0.011075781839665667,0.006073659024795575,0.004368059724140494,0.01658632711093162,0.014892727991922072,0.0038471721152916415,0.011910991060508991,0.014500729428197445,0.009895780614922956,0.009005988777861518,0.0071014710825402,0.01221222996404805,0.012269504908213236,0.007770577364343723,0.01957274068366601,0.014683885494270753,0.01661062271714897,0.0181825913780564,0.005590394985589597,0.01519075554057565,0.025100143265894558,0.011081660102234991,0.014606801400749703,0.02115885702357332,0.022361069069192753,0.015013358816020173,0.0060441607625563165,0.014149160631100699,0.014269010049304854,0.008729056443905847,0.00766988744486099,0.010416975180645239,0.0172132293135121,0.01750219271785767,0.005384897643195785,0.00745394894491227,0.009631685505905097,0.009578065274872927,0.017782027135373822,0.012921403635436946,0.015827054975518708,0.018615870832701376,0.015835867891109245,0.006465330256245494,0.007713628697441521,0.01770542642823969,0.011320790636096945,0.0115813951040046,0.014144063906307736,0.013765793322998121,0.016769386540767074,0.00829883786444654,0.009967581650251845,0.022254816303207293,0.013017069205064047,0.004273975482308146,0.0054539303454340885,0.016502621964574617,0.012470764887191167,0.007609267042075629,0.007853840794802381,0.014463631066687554,0.01604405636512638,0.00708595083287662,0.008205940879025065,0.01855779366144006,0.01534580282749758,0.01119021325764109,0.010613746065160967,0.015041267458060049,0.010424932949750599,0.011571864754426286,0.011906876760937024,0.011354631456666908,0.005186347338802477,0.014556905908378326,0.010800103288465123,0.004500073287438511
8,16.0,0.004633508345069259,0.0044420924670170335,0.00484306205149565,0.00442987686520695,0.003380056777974971,0.0062301264933559255,0.006515909553104393,0.0027445739714636375,0.004854823491915283,0.00833400154449393,0.008027685738262135,0.004140361771388967,0.004885236434310514,0.007635152633533693,0.008204761804366712,0.004455226969145798,0.014001399504994794,0.007804748519606619,0.01027648003764412,0.013835008632708678,0.013076156457439935,0.004231861478510979,0.0044838245634089445,0.012102042990633066,0.006981795296489679,0.013826277767099526,0.0151151707112696,0.007898421785338883,0.005413207209868887,0.011499654851690622,0.010613806908692425,0.0057661366208705545,0.010610122273428146,0.005302649690318617,0.0047965253887220175,0.011260407854045695,0.008251376036594139,0.012268634450062165,0.009869844565479725,0.008543156919162697,0.009626702959401,0.012532172907815919,0.010016750562057553,0.007406456558854302,0.005056406200287,0.01647650087042223,0.016052265176733017,0.005406391428859081,0.00830588406584809,0.010030093137882546,0.008485092126334592,0.006178543649771484,0.009477761785653627,0.014111382375704551,0.013174989163677963,0.009606630540973526,0.012256723006994718,0.010801511233768935,0.013464261277280797,0.012574524193007619,0.003061143365543728,0.01516447378388861,0.023664329597693268,0.0064794116729565586,0.016089155433058267,0.02145572122245909,0.019727803384230212,0.01613190895307639,0.004800448839411331,0.01487269815020369,0.012456835444530157,0.0076718249452518705,0.00890876897912989,0.011831625107678434,0.018160500283200775,0.017166583622187658,0.006730542802334582,0.009035901345132658,0.011442523722007537,0.011817863652252925,0.014869792684815053,0.008586766321434425,0.00977321901518451,0.01679172938589204,0.015453737361752928,0.003025292768744947,0.004235071790397171,0.01867567320492398,0.005795147045986937,0.009535174620059905,0.010191155306100087,0.007493860138286834,0.015709863332183716,0.009538656174013482,0.010291130007507832,0.02078853925751716,0.010900320119792185,0.006064464508457235,0.0072187288199380365,0.013871526733334605,0.009209815066977,0.005285988112206752,0.005484834632151348,0.010054606185992299,0.01843624122035763,0.005579906811690449,0.00607013544157411,0.01947842412313321,0.01519127889274543,0.009429048262796868,0.009379168287233597,0.013094637071077386,0.00841770478900159,0.008320812615502859,0.008103306499463513,0.008244345701523059,0.0059289436879893746,0.008628485008348008,0.0050103150164389374,0.005084782353389272
9,17.0,0.0036556427234515354,0.009241649641436566,0.00825253094364058,0.004518000794267607,0.0015535322844598908,0.007609579621196616,0.008077942682061235,0.0015127319837255015,0.0038045202537176693,0.010880900492652047,0.010713348513868936,0.004024267959486139,0.00377979746186341,0.008349135554773568,0.008741816775267353,0.0028344535252493586,0.012433258079654763,0.004905259982984944,0.006920287209817388,0.011716278882813213,0.009956179323055637,0.005228228637581367,0.00614642951815938,0.008465720922330888,0.005650242070844769,0.010044106399623587,0.010217915430663993,0.006353984757676301,0.005717344341972819,0.006602428342161915,0.0062373923315476535,0.005823449207726839,0.00822067336203034,0.00462460218075833,0.005362851595626239,0.008242542214939873,0.007674980204680537,0.008045576665186616,0.006387525279798467,0.006827094223663721,0.009058249523037177,0.009581715360431531,0.007559605258114032,0.007360439578907574,0.005996042464601459,0.013424125487796345,0.01267008339051543,0.006211267752672711,0.0053984878421971414,0.005445336933740208,0.004788810945861854,0.004699389749418259,0.011642372842761973,0.011410474627622591,0.009633976706599157,0.011313104321399692,0.008056488481481239,0.008711721141659013,0.011330461260438084,0.01001060863153853,0.0027111279594869584,0.012772654744974687,0.016307938897100627,0.005373291212884368,0.015509000316409071,0.016388406796932743,0.013702556604297911,0.01530111951484372,0.0052804681196910504,0.01060432650677896,0.008251223569676114,0.007373037048983377,0.01241818503082115,0.011401769038234732,0.012570787180482056,0.016411184235043664,0.009134086236202422,0.008610909057653516,0.00870984542533577,0.012765095513329782,0.009928345896867797,0.008751803832085158,0.007633670887572918,0.011163380197659478,0.012097167589315205,0.0030055841091922277,0.0037057871461989578,0.015383450249676401,0.003078162539667062,0.0068553406640141645,0.006237470369470799,0.004221626052106586,0.014138738283975983,0.010248806209866502,0.01032603862452106,0.018526669931198825,0.007202703554487044,0.008933318088522667,0.010115135396924302,0.009611949163087986,0.006011158805567618,0.00457646916627894,0.004484832173989872,0.005959719371195859,0.016017505005720523,0.005585341133842547,0.005254528876430698,0.017479758463440475,0.011697285256275336,0.009960859937494604,0.008640544988276844,0.0093691236671809,0.005808623776366773,0.0069925177678435094,0.006547301645886705,0.005289165756573766,0.006169009603661379,0.007305586108815732,0.0050875119063725546,0.0057920705049014035
10,18.0,0.004936729502903603,0.010567573849048273,0.00960919158705309,0.006019722675144124,0.0025901436900682027,0.007565627882561899,0.007964903409010304,0.0024555157032949636,0.00516254426979188,0.010300057615333457,0.010658204787134196,0.005537898299898103,0.004434453198408761,0.008495445723882255,0.008101568938353409,0.0027142654241899323,0.011632784538205243,0.005616149884190236,0.006215281545237161,0.010571214438401455,0.008021290287313576,0.009060937135242142,0.009098430129483148,0.006802578458823661,0.006354237480675096,0.008116332314236984,0.006596222507681659,0.005849239443080023,0.007198702794197942,0.004964476954979346,0.004146557979079546,0.006617336302855392,0.006911826576089908,0.007574741787681205,0.00865747135138264,0.006572189312809939,0.008333147381448214,0.006659019545346467,0.005484089994762087,0.007627414093247608,0.008323009381125956,0.01015471585543395,0.008781856448880632,0.007290464274712605,0.008738508862102635,0.013879690307460635,0.012614822387175905,0.008243312350449372,0.0039361003461884534,0.004822316906248148,0.004343464547834941,0.0034795090673640063,0.01193834829371312,0.009981414226245277,0.00806568192864674,0.010949085101687217,0.005993636270041236,0.00855728028564826,0.010882294870687304,0.007585149459021068,0.003543645026469733,0.010560595347189405,0.01093352352729795,0.005013294731934082,0.010510371173108268,0.013008442351699045,0.009593883861425212,0.009911588151909711,0.005175153983725522,0.007097299028184523,0.005005846093332167,0.0066056805572010545,0.01415944468330892,0.010275522709985552,0.008368115904539763,0.013962458897307784,0.010934575251619094,0.009865336063326425,0.007195216444492303,0.013211879367977986,0.006248843915377477,0.009832365854266811,0.008184716988367313,0.006325279785798443,0.008447910180381513,0.005100261368986026,0.005513760042021687,0.010548294966158523,0.002969015833838284,0.006047473176316487,0.005788411114323111,0.003347500033405737,0.011255071726513678,0.010016287649904143,0.010615241543073495,0.014197183241391543,0.005402440818198073,0.010979944116178331,0.013153711051388938,0.007861146920843965,0.005911259131644186,0.007071387569315135,0.006439928107245407,0.005237418307567054,0.00867823342094951,0.00582366434932311,0.004635092064756208,0.010681837162189112,0.004716903989642418,0.007367557229431299,0.005922640070085095,0.0037005636617230666,0.005741296102249294,0.006858844625366345,0.0061142154007754355,0.005491933385233949,0.00605705287875864,0.006713861983640612,0.005574760232693876,0.005958721184361337
11,19.0,0.00681101506652837,0.010699397751534435,0.009835430968056613,0.0069516209851485655,0.005868559900232384,0.008908226559123733,0.008726380689181922,0.004680988108365369,0.006303075745267251,0.009826997416939775,0.009406521453944805,0.006097334336603666,0.006781945170310877,0.009031010572174836,0.00804773325967858,0.004475545098060962,0.011585969095990833,0.007024660372905345,0.00646557714544187,0.009514655321295607,0.007119499415633612,0.009541428108251182,0.008166753670509763,0.0059978691683419075,0.009402977630490028,0.0068716629001130515,0.004677063857769071,0.007387735254500427,0.009724947025196684,0.004068059244072941,0.003235834148248529,0.008596531726672652,0.005646506077564339,0.009767301932693328,0.009217392324715945,0.00546278746320823,0.011009960565143473,0.005741584167425628,0.004871696006154025,0.009903401632450227,0.008025153322475376,0.010133319552945608,0.009042577173559607,0.007364128661568969,0.010431547559064568,0.011377262328763748,0.010618369931285088,0.009934513198466988,0.0041695201483570084,0.006210936844043858,0.005470167687511207,0.003598967758307481,0.011823245903825353,0.008618561828603788,0.006801663261823876,0.010513896211396912,0.006819425729449336,0.010731652266741776,0.011656020345416351,0.006002434375870535,0.004639778572131092,0.010332217547500022,0.008980040755820795,0.0053463397725884935,0.008573259801462285,0.012613385730928428,0.008690375197524958,0.0075534219608599075,0.006746512874812538,0.0057117486301145,0.004304468074977308,0.007926018824353776,0.013898968527546884,0.009012416653654043,0.006860077969723477,0.012861052360873515,0.013274982283108727,0.009032397129663394,0.005546165988729257,0.014196714524362618,0.0057617987069470186,0.00936244659392571,0.007957008179501202,0.005529892804421621,0.006976321011349995,0.006437482945228367,0.006359806132641666,0.007410606561501254,0.0048302545941673715,0.005139450785082289,0.0054529584691302094,0.004346189717780646,0.008448262877000446,0.007283409588250578,0.007926893973082372,0.009370034631936619,0.005234258909793965,0.01333776911652933,0.014611432746968944,0.006974856261176399,0.007863531863145567,0.010912536780707426,0.009476307901923775,0.006906687441596659,0.004827135230316059,0.0052239669753248565,0.0040047665829511915,0.0063366177779855095,0.0014680151656186525,0.005062720074840143,0.004517991310839164,0.001632327113951959,0.006085370597533312,0.007988395168146667,0.007089367060441276,0.006171207771512854,0.006695909919458387,0.008152458882328517,0.007616192437586022,0.006272808788936146
12,20.0,0.007665036845904183,0.008034790294103544,0.007518203380397636,0.007194040900157716,0.006720952959447146,0.007611452662056451,0.0067122646741829325,0.004795032500480545,0.00669733111019184,0.007244249191781904,0.006541234173916166,0.006044147093530938,0.006902382882008595,0.006401983517556431,0.005341964246170505,0.005322011781574787,0.009251107805842197,0.007932163541696013,0.007049898188557791,0.006680186240523511,0.006964168121828607,0.007304225514656082,0.005966486959587769,0.005982290483688502,0.010077503969667844,0.004902610346400138,0.003227975920293602,0.007109836330679542,0.009502944542811064,0.0038700246050140663,0.0032912157483025338,0.00764810445523878,0.005323362410151589,0.010413786198756015,0.008340224352454583,0.0052748943248218435,0.010743959389927227,0.006468365059014758,0.005650354173925365,0.009028896306617896,0.0093375641144668,0.00879147233884936,0.00818466292115545,0.009103247602637055,0.01199004987282919,0.00795321508782223,0.00809657480503958,0.012634947636556149,0.006772526083512531,0.009165341759995727,0.007659011066087374,0.005835600914451078,0.010784923787439737,0.008217661531520547,0.006930105918088713,0.010265953647128612,0.008858958392280413,0.01154164132123583,0.010052001962809243,0.00542355874861542,0.005137170671781632,0.009967929851966772,0.00751907285417559,0.005041599404278685,0.00798832934469047,0.013199821544407086,0.009528870782747844,0.006481509169064736,0.008219435537700548,0.006888787096970361,0.0053900064782155255,0.008574782540696902,0.010639182235689049,0.009084744397682698,0.008003277615460292,0.011008976686991901,0.01344603864938776,0.010507106487010276,0.0066038686437202895,0.013683180967937147,0.007437578724955074,0.008210511675515165,0.007319816354901576,0.006973939351752989,0.0064577301426524516,0.00747277493431966,0.0061501654424198195,0.006241630963913991,0.006510104873366629,0.0040687321701149415,0.004613127802820571,0.005207517344719292,0.006292320901661696,0.005390934029644967,0.005363456601433825,0.006028765124884927,0.00680971763507685,0.013955233386427323,0.013876290043877759,0.008383653448251493,0.01046590492686832,0.011175668998365751,0.010011653168970725,0.009951894404946416,0.0028355612748576673,0.0038545870775003265,0.0034020135059918744,0.0038644693524368277,0.001677594319213682,0.004237451211616161,0.003885127376537412,0.00250821690129186,0.008094433460681217,0.010458589275106789,0.009238965302217395,0.008475482972630033,0.007252411408699544,0.008646752051294726,0.007346041260992564,0.00644993158257563
13,21.0,0.009235036997419854,0.0062227901138172115,0.00618004908181149,0.008604822589946793,0.007437968317649535,0.008878034559216985,0.007719852792790504,0.005343973148701053,0.006814819002583761,0.004719599014779164,0.004639892355074693,0.006609735059226551,0.007792512922472383,0.005618895813363167,0.004660663892084216,0.006748733202760348,0.007952969982211044,0.005561012331902759,0.0053231304296893715,0.0060179433901602405,0.006326153067951168,0.004203422638858001,0.0038428689819376416,0.006058722833456898,0.010653551096837077,0.005284018514362288,0.004055939841799727,0.007772748665294671,0.00913617618420517,0.004754140141272956,0.004187527212546627,0.006894406599160163,0.0049228472932085765,0.009073016831478497,0.006656557575401933,0.00494344963913349,0.009250818892483892,0.006899889850419072,0.005959166143997408,0.0072581662590785355,0.008036669792944196,0.006260705975009983,0.0057115389388116,0.008228840288725081,0.01073198384284808,0.004495661869746215,0.004351863478957796,0.012143927336664717,0.008233403041691645,0.010522608077176443,0.008883483010584569,0.007257457159114011,0.008504669796835174,0.007585515525870079,0.006869769629624045,0.008535395696017644,0.011497739207079149,0.010451888758469608,0.00804406380435907,0.006114990705857082,0.0049762699306938885,0.008148310450027197,0.005501009968126169,0.004722823742571336,0.007064035084631826,0.011582583030720883,0.009033510331450856,0.005393843324641523,0.009754548045392396,0.008355025712945264,0.006345335025584831,0.008856882355195949,0.009194243517612222,0.008470550081423056,0.008744544042279045,0.010899948126799331,0.013159382573422107,0.011173563048524215,0.007799768353914516,0.012899860056835166,0.00844107342865783,0.008292436722998531,0.007973816162870406,0.008344327141313102,0.005802415228930613,0.007558779134296856,0.005530403244861049,0.005544668223258498,0.00597049863500061,0.0037971274428564073,0.004169853632628673,0.004921024681224395,0.004412696096364499,0.003624563431137773,0.0034688914596152642,0.003954142366690405,0.007864880462111045,0.01333136152271024,0.01287935839161065,0.009020012824783662,0.011407275727520982,0.009750979468523723,0.008837737207075947,0.012092079359260311,0.002734512975233372,0.0026832495721770045,0.002876203568861513,0.0030494258997414646,0.0045160465268672565,0.00468490509619599,0.004401503153132325,0.004930667454653559,0.007935665561441142,0.013636313988671845,0.011940833673551764,0.009050253273648678,0.00871543592376085,0.009114675675918704,0.007328311540237564,0.007843179023447533
14,22.0,0.009240755055063943,0.005193372507989125,0.0057374425328696075,0.009143195524722359,0.00600677959978384,0.008170335435552544,0.007481334379021121,0.004696507662055182,0.005951179083919555,0.004312201310792574,0.0047249365903425655,0.006532523389308409,0.0070943702589659095,0.004692473811567765,0.004059213095597869,0.006659531914161932,0.006596591742820124,0.003029043755798,0.0034443445597190704,0.006155303894603037,0.006421146293843804,0.002579738333577097,0.0029884291397564767,0.0068709728910249625,0.008834219081885664,0.0059773802319909915,0.0055743431186009215,0.007275940964814964,0.007383953195935078,0.005731388166235973,0.005140412093302871,0.005877378331850735,0.005838508475881099,0.006965363844555839,0.005599079117991579,0.005822348418304557,0.006799391504299734,0.008032052464309204,0.007304095506840014,0.005778795473825227,0.006010603424886085,0.005475903884044442,0.005174692528505176,0.006553963601041346,0.009163469842477668,0.00411980756485093,0.0033459507605215323,0.010103280982232121,0.00734204319868823,0.011817532561725842,0.01088142308552804,0.006762629634767592,0.006484978941562502,0.007856704433571338,0.0073030902345792015,0.006259824078761511,0.01106565188970592,0.00967310878681502,0.00695621582679209,0.005726366573436792,0.004635120375819213,0.006396215299007224,0.004172994087265636,0.004241940994003812,0.005707544023342592,0.010514406115296993,0.008676301148228305,0.004221209477583443,0.008709322573567135,0.009767899015337634,0.00734132847864899,0.0073115036506358425,0.006847053713121198,0.008910461349228882,0.009747479851185403,0.008486022073228839,0.010868513648038914,0.013136862997515663,0.009860979533135606,0.010236979454641925,0.00783370334914224,0.009328778596447762,0.009660573365447789,0.00872823662366926,0.0047417872058510115,0.0067077349725074955,0.005151806757653787,0.004926625084949876,0.005380745166664269,0.004835955911055123,0.005303219519611701,0.005044567308838311,0.0034556961243069396,0.003471918849270139,0.0035902752709098705,0.003017387782279712,0.009943434296135933,0.010864925254337975,0.01054706153949283,0.011076866223670124,0.01289935253742982,0.008523838792002181,0.007999153731380205,0.014620065015002126,0.004051297626809713,0.0031945887190723,0.002953457556167649,0.0032066945393935953,0.007244248862929936,0.004068241054640964,0.004085536363123055,0.0067744642466671225,0.008370399394672035,0.015833291213893118,0.014919813877664723,0.00996908659231508,0.009425557230846237,0.0076857844898874815,0.0062806786411080395,0.008485928924987719
15,23.0,0.010463078811045533,0.0056296195152846455,0.006141163113549198,0.010319199986562921,0.005312999900885984,0.00883798096488846,0.008859642466985918,0.004681554818167654,0.005870694663577325,0.004300781403993881,0.004604245440165755,0.006496676223509468,0.006266025868817593,0.00603540679964496,0.005697301759418139,0.006201874240301208,0.005898955819359486,0.0022320768111995905,0.002685056665174557,0.006342305895748979,0.006423035865260829,0.001933200450278605,0.002435775632071113,0.007321139004600496,0.007127113020183628,0.008794174316017945,0.008905949658125679,0.006002158926864354,0.006240479888751338,0.006731925527522264,0.006324377648748936,0.0056567031005442915,0.006134370528305055,0.005453770937997149,0.004765346649839586,0.006095728281919577,0.007170183224747717,0.009174951850452117,0.00893708076875086,0.006628403213137801,0.004783887549542243,0.005512442400820561,0.005318544415025173,0.005204909455296303,0.007458737916834224,0.003743392557291969,0.0033027399391464484,0.007598461494929864,0.006447625055926665,0.01230128534201782,0.011430569314237716,0.006049226103742455,0.004421840050578396,0.007756199773341877,0.007557453523304503,0.0039374941057374714,0.009993603037889187,0.008638648293909057,0.006210069755875481,0.005811122703995153,0.0050032800945757575,0.0050038062367846695,0.004162714327139838,0.00480787607312152,0.004027403373250848,0.00923901334203947,0.008501356462991794,0.003113941607893622,0.006696504239469903,0.009074964119545115,0.007565049466845153,0.005825944467782307,0.006978084565970733,0.009000062111702078,0.01037975841230292,0.008378264771812383,0.008464044662419212,0.012321155540650608,0.009767549358626582,0.00816773568064022,0.006633887462169241,0.01009986514203547,0.010663905011889342,0.007985268466064354,0.0039031413069778864,0.005864127095351534,0.005162231879237566,0.00436959425885064,0.0038813935041432045,0.006609273912785341,0.007668604055250228,0.004119535062255153,0.003055181154604014,0.004104712144861367,0.004399826399534135,0.0027871738280516923,0.009993817436109964,0.00868243660479564,0.007920664537058997,0.010730764160089733,0.01198840331079012,0.008302152944181528,0.008281427901341232,0.0129867720069349,0.005784591035158826,0.004400025154136955,0.0035099757620706386,0.004130698959090751,0.009607080565680094,0.0030316207692493435,0.003222705041480367,0.008874171962057175,0.007283360244041859,0.015246673706210601,0.015900252780329537,0.008548466920321829,0.009805234652349526,0.006162550978213233,0.005509212134962383,0.009307146386944253
16,24.0,0.010541056524343872,0.007672322566279632,0.007796779376910479,0.010470467810129235,0.004307321102815109,0.008229636911819683,0.009074860276845698,0.004312961613697297,0.005128695064656341,0.005489881692277265,0.005819453415907105,0.0057746990018010536,0.004855077135788121,0.00670114225732803,0.006944961940909167,0.005137765539623728,0.004758891401224474,0.0025950105713349104,0.002674740886443772,0.005390038444460288,0.006802074462537888,0.0022389232261978975,0.0026057061294650907,0.007608247013826741,0.005118443023626895,0.01029448099823469,0.010992429023513495,0.004481961223152808,0.005919376559310052,0.0066920958616570655,0.006525402746846964,0.006241866642681515,0.007022626309534985,0.004816903647240167,0.004351672025104847,0.006745586740698428,0.009065837561597335,0.01015930214241223,0.009919639067337015,0.008599738200771867,0.003668674248122983,0.006628321844069518,0.006533698346212447,0.003892567516685119,0.006189074139812334,0.003931136242113808,0.004142357151948062,0.005900981014853102,0.004814207651276092,0.013608999241329656,0.01253419839178065,0.0044669995677175224,0.0034250881338707016,0.007623725677933635,0.00785629153338192,0.002943970549027597,0.007956866158524178,0.008802114412388562,0.006143203574730194,0.005258266648478838,0.006058687650685357,0.004541502658315011,0.005342839273987465,0.005490811104134252,0.0031815835555732974,0.007819678154245936,0.007933437534982346,0.002458293274302292,0.005151782824301421,0.007380509529797763,0.0066624042380276196,0.004723290940548708,0.007757030970542189,0.009076832096834409,0.011044307440342039,0.00847063306530842,0.007070271141778051,0.010698135025272393,0.008431684037927312,0.007044920265244059,0.0066030571389788404,0.009789738916365564,0.01061353346967735,0.008116638392746723,0.004141808850472728,0.005491060988885721,0.0052728582665999115,0.0049728354285839774,0.003893250379333324,0.008010056364091866,0.010122096520677814,0.004355915366816987,0.0036997914748823748,0.005186013168489723,0.0056442462871828525,0.0036461064146649847,0.010942383638059994,0.006158489533443401,0.004843166116527442,0.011093501426606877,0.01257040221622816,0.008097677304564144,0.00897767737708648,0.012467186297672583,0.006816433787891185,0.005230740347428764,0.004279375347744007,0.005220253790216134,0.010672710052759271,0.0020621128446542515,0.002179871080676321,0.01022717248332583,0.0072845764410345735,0.013547926581038183,0.015481629304890276,0.00808781670168699,0.009520212845530552,0.004824553463885906,0.004669526774401333,0.009645836488444814
17,25.0,0.009958695870798095,0.00965403597421428,0.008772663551409465,0.009661720087872538,0.003022643175969364,0.007454772660888409,0.00849571643428888,0.0032218813441936335,0.004346235767958717,0.006344855098809887,0.006329571519643906,0.004972811220614659,0.0033209516437864295,0.006743589875210887,0.007180534916832215,0.0036092994702279666,0.004023425496445299,0.003436193265799403,0.0031746308059851457,0.004329659310931789,0.005888829048844713,0.002492967021905912,0.002430990877558514,0.0064963630789840465,0.0033706082724926033,0.011640022331631883,0.012267793853465747,0.0029186052715573394,0.006252822628299981,0.006574797568006829,0.00650834648251859,0.006716023246917757,0.006180886364911942,0.004489768196231125,0.004258634886834756,0.005694461800088391,0.010907211077020662,0.010127004404125728,0.009511828746957463,0.010248956386285358,0.003787479522311088,0.006404887062991094,0.0062128065915445065,0.0037629463255306915,0.0054732365829856635,0.0033268312344183924,0.0035633918528247934,0.005029815577934471,0.004061449992027377,0.012774468123063798,0.011671370524324232,0.0036282859782502896,0.0031198415312616136,0.006295209345656616,0.006342127082581328,0.0026571367197909977,0.007223613358208781,0.007840455432752691,0.0053443786881523184,0.005098328273917474,0.007601158268856522,0.00486940316741169,0.007083973051183534,0.006365671172236631,0.0026057761702006133,0.0063899379092582365,0.006690571979376614,0.0020481403473603167,0.0045765013995108465,0.005800094948479284,0.0052093637654635925,0.0042835489736056335,0.009154934887379085,0.008890330263762536,0.011721820312851605,0.009203121326389407,0.006505597793935181,0.008473594009386432,0.006766672773689209,0.006354826651039503,0.007049077853008612,0.009300106279692955,0.010258811082938735,0.008205454504660281,0.004143080910480279,0.005094114746571421,0.0048295260654207086,0.005170833710105427,0.004472747221285545,0.00944277636195423,0.012221526805758743,0.004905929125564512,0.0040727898535834585,0.005066655220796435,0.005517373717752605,0.004271098336764112,0.008572217130794969,0.005049431063552134,0.0032770367257732858,0.007963147752264633,0.010697478716051733,0.00811273042649674,0.009199738353791532,0.00966153484809027,0.007430563065164364,0.005320644427632004,0.004807868617787392,0.006138731919556761,0.011560521950929825,0.0019297721567674841,0.0019580589055713917,0.011142199361502491,0.006862668467159949,0.011287948119531422,0.012908098049388883,0.007078076392460275,0.009334357642470082,0.004156839036925675,0.0040935041510692825,0.00973743823261657
18,26.0,0.008796458395869422,0.010946179284865565,0.009217910285089915,0.008529315725393616,0.00259049690869233,0.006760904966934334,0.007302152017411601,0.002652702587308653,0.0032440490331666185,0.0073248696608679605,0.007052025932159011,0.0038697386225358343,0.0025250001692434408,0.006539394433720957,0.006647052092482397,0.0026891556294707185,0.0027163473663101454,0.0037240420352659953,0.0033024028459330166,0.0030294049680840373,0.004676431777492241,0.0032750545576760715,0.0027501281675917253,0.005178857087424405,0.0030240018435172544,0.011897355907158413,0.011947852245724987,0.0028436173295055766,0.007027318355888212,0.006106228263693225,0.006162367729413631,0.0072555275310811854,0.0053358745424610275,0.004123234130476305,0.004071863226424455,0.004661786806927637,0.011746597222126098,0.0093746159320915,0.008409043861392717,0.01098138848320147,0.0032399145889968396,0.006200590386780646,0.005973254760981206,0.0030072001431811655,0.004407292657725037,0.0035999763679264163,0.0034979261818065765,0.0038708751603486746,0.0029735440388698464,0.012052906261479989,0.011043190179219665,0.0025124243651838186,0.003134139077982212,0.005671861666753842,0.0054680103956528114,0.00261472837491894,0.006311066429287138,0.006983257199760118,0.004916075019745847,0.004674972240223241,0.009838002896277231,0.005538109160362836,0.008350527197860202,0.007636828023331788,0.002999818731090187,0.00586887225516719,0.005925926993155884,0.002258192977244988,0.004963676640360859,0.004690708195808924,0.0037447395111037452,0.004583757848015324,0.010234489931887225,0.008694620396646969,0.012060052675319354,0.009799004224800711,0.00711710887427941,0.006204537598909354,0.005059712397760307,0.006665889395801372,0.007919769899456952,0.008069286560891698,0.009346931215782206,0.0086829283051145,0.004794145365065816,0.005056778048849964,0.004684138488961764,0.006017054784229714,0.004758310602241522,0.01000443973654228,0.012826505889127305,0.005003947850727997,0.004516263592065428,0.004931394429555524,0.005222783769881545,0.004892230330921876,0.008084080025251694,0.004981396944836547,0.002952349612242955,0.006997452612276333,0.01041859007605126,0.007436913106797505,0.008073545262168125,0.008852382105521884,0.006927201350365664,0.005405371463563569,0.005035389594664252,0.005707364975901896,0.011115959196779102,0.0019501656179045312,0.0019559694630572723,0.010278906397169862,0.007384781872038814,0.009895399506864777,0.010709889266874485,0.00717464081292718,0.008802448831198717,0.003481305946811375,0.003247694373430221,0.008877880827139962
19,27.0,0.006769402407793734,0.010622653978192176,0.00829269489802229,0.006474319477547397,0.0015703679749179856,0.005343306799770175,0.005288039501471076,0.001474180034531969,0.0034738090684889754,0.007750080966847861,0.007238091636807553,0.0037558059526396903,0.0016472388411116867,0.005051679956639532,0.004818850430823573,0.0018112563696732308,0.0029738277013478865,0.003478342259466416,0.0030692538764348853,0.0030373672916383042,0.0035044858206724427,0.0037684751821785768,0.002895846823578552,0.004173922807152053,0.003394533577716885,0.011418413484092583,0.011230391450683896,0.003282373898976232,0.007799241460151762,0.005528725387480904,0.005778904318107436,0.00739076541368675,0.004162215442826777,0.003415089880970612,0.0033843280339382886,0.00366342143676448,0.011278829316830752,0.008472210597980024,0.007507186683461953,0.01043366595716506,0.0030929800611765755,0.004993002096259858,0.004769060796078151,0.002816504039358847,0.003756712051503541,0.0036147295172767714,0.003094123588193298,0.0032801380861215536,0.002241176454513294,0.010023207498167607,0.009059308752872397,0.0018210361942891495,0.0034142911584076783,0.004691783792733162,0.004305975166554532,0.002820064604065209,0.005305533390095008,0.004983582032842548,0.004190980565670799,0.004122402779969292,0.011190649555572207,0.006861679311006697,0.009368315234290492,0.00839355980065264,0.0035226845539007455,0.006248695259784398,0.00612165623214338,0.0026321199008535246,0.005338679218019138,0.004493885103380535,0.0036628695726911077,0.0048829907134575025,0.011202298921241294,0.008803003124532438,0.012141630669494674,0.01024342089230359,0.008016991196871714,0.005145330473833099,0.004900690567173171,0.007293081587734207,0.007421182149590777,0.007842326472338356,0.009116552983871174,0.00782871499395128,0.00447378815704127,0.004960592968801336,0.00476572910696973,0.0058447281738629895,0.005162535494866916,0.010511550188542173,0.012944772699991346,0.0051679136931895185,0.00441283719017207,0.003983785715228549,0.004181877790982469,0.004963010799497169,0.0065368207302071825,0.006085208228405037,0.004044992082652498,0.005476394665142692,0.008097015795418373,0.0072460449256816165,0.0074211744091485345,0.0065932394285610485,0.006960321503677846,0.004925478563151131,0.004654858645571381,0.005672019014839691,0.01072216949199074,0.0019914580008148163,0.001970658064179531,0.009487726486466386,0.007640638620328844,0.009075714642268196,0.009022410933516767,0.006947683775700852,0.008741062914643294,0.0035246109209971623,0.0030875148505316473,0.008424526892792984
20,28.0,0.0054209523831232785,0.010252340455433995,0.00809376027317441,0.0052595303930367265,0.0018101305907322284,0.004995144066078439,0.004570061797231517,0.0014918085766183254,0.0037126701583034107,0.007678914631696188,0.007391202968278776,0.0036713930876004497,0.0016692046240358138,0.0045584296773228065,0.0042536957421482665,0.0017329663986195953,0.003089962847855077,0.0029286222951327547,0.0024565719744664705,0.003012146418274142,0.0027525426387242646,0.00468946659842544,0.0034747157967117913,0.0035421329584401917,0.004634675328080107,0.010377291874412008,0.01061041964473688,0.004410458210733737,0.008822360420555241,0.005245814509914482,0.005715073638030787,0.0078111152632125425,0.003788281681379857,0.0027528026530447393,0.0027677589008796135,0.0033577642212300417,0.010508083387055934,0.008216099401110455,0.007234776546808064,0.009575100659454706,0.00264572983077187,0.003985535662179985,0.003935257359730571,0.002527671885428617,0.0030263305956673035,0.0038541183076027607,0.0030258360430750033,0.0026475663941155857,0.001781559878696015,0.008322528486213798,0.0074680337639705385,0.0013926919746367616,0.0036789842241176985,0.004348107108904031,0.003829883918568555,0.0029740621553528968,0.0039187672187502185,0.0036691134167782026,0.003982799835105055,0.0037574667764367574,0.012610366499900749,0.008317976927431659,0.009851154846789712,0.009656892816715867,0.004122749649275903,0.007351668691094914,0.006957952090836272,0.003177836466367978,0.005398312596985022,0.005114754669388333,0.0043415590832779575,0.005034935743203306,0.010702827839217832,0.008722782748125013,0.01169934389468139,0.00953193177616427,0.008237630133311313,0.004544231819104283,0.004910551644383076,0.007604325747103502,0.006776459002505675,0.007052785974247655,0.008368574296101628,0.007236291588914412,0.004726438453068482,0.005421021832141548,0.005612748794828803,0.006245008637085192,0.004755739186097685,0.010180116159421004,0.012259120213219177,0.00458191372409047,0.00483765336893569,0.0036852945504627145,0.004056891244118788,0.005357781844293896,0.006898316579771091,0.006841168850095869,0.005390299298334611,0.006519432353658772,0.007289639701946271,0.006751914405013793,0.006733315890479474,0.006001261140523439,0.006819241833515122,0.004319666506502529,0.004260371744177149,0.005579546401779112,0.009688605558359598,0.0018133331306984246,0.0016950219466821182,0.008307384239940773,0.008070495979410452,0.009364162410680877,0.008780905324100275,0.006985084262291963,0.00855014113926913,0.0037437234137044583,0.0029552063141700556,0.007810340521304937
21,29.0,0.004041799563876225,0.008881627353619592,0.007331424249813523,0.0039264126530461855,0.0017127973999578217,0.003720110119774489,0.0032212143248543158,0.0013580840995437882,0.004788484121674941,0.0077744807995955515,0.0076490574834544136,0.004509030497177946,0.001780798983286047,0.003221993772702092,0.003076427929433123,0.001749421258055861,0.004092994982231346,0.0031420423464240343,0.002245668194815664,0.003665919442673271,0.0026058136108233045,0.005136480893791174,0.0037657734642266407,0.003371842263430125,0.005762794142937367,0.008609404980267498,0.009317252175502232,0.005378636350582866,0.009784997914851346,0.0047293053282921,0.005345572314452341,0.008268700143076301,0.004157614951073185,0.0024234223646921295,0.0023061062363197494,0.0035920174440072115,0.009779021183391735,0.007907178666967241,0.006782514060988376,0.008621388788110095,0.0024528901868222873,0.003581978194360147,0.003599631431452366,0.002418387424658874,0.00270620426044772,0.0034589460257400616,0.0026701448466916133,0.0023932271025259412,0.0019031990081820993,0.006436234061205681,0.0057930057029949465,0.001514877033356754,0.004152269281028254,0.003651653855624204,0.0031905378686936103,0.0032449361035332912,0.002859759349352231,0.0026525736874681628,0.004096677735930143,0.0034834886513586127,0.012608229247875613,0.009770283422700032,0.009981276188671728,0.009987650732511354,0.0040896096892169,0.00863284158623614,0.00793730723979138,0.0033683738433317955,0.004843253405729086,0.006710058601819923,0.00592074881382203,0.0045766634290068,0.010039373720036337,0.008249258002721405,0.010505819439561036,0.008812751538523855,0.008012636731778855,0.005482492982919496,0.006221261364091646,0.0075453318453661215,0.005562042493699693,0.007010765074317504,0.008503277717900205,0.006123547410172847,0.004423737236728442,0.00660789510120523,0.007071633146517087,0.006276471475656109,0.005064843663550533,0.009406735466718174,0.01130640435031154,0.004653880266840815,0.005167644545321082,0.0036892984206339462,0.004303807112430747,0.005848981865952396,0.0064186478072691955,0.006676846040284801,0.006241534383545399,0.007064678412028513,0.005520947503148221,0.00674986259022532,0.006615049176343746,0.004709501633110591,0.007760647065916259,0.0032513815821950233,0.0036550601892194833,0.0066037016830357235,0.008897532194469449,0.002157366312145115,0.001978824291479242,0.007453888430779187,0.007910276420785322,0.009167158258176045,0.008560552267691434,0.006805348212087381,0.008455632447856942,0.004438378151024125,0.003465840846896384,0.007580696245543805
22,30.0,0.003589987729136368,0.008324219803565569,0.007411032129303408,0.0034996617033577595,0.0021515629679406344,0.003484543508890425,0.003039390617914961,0.0018516344081760394,0.005137946957301409,0.007517623960294628,0.00759694887063489,0.004863577547365594,0.0020460414923491044,0.00275719108065573,0.002745589698439943,0.0018558425335605476,0.004217311515967737,0.003256433486394883,0.002180706846322522,0.003933719693527138,0.002540924817444079,0.005509134404729821,0.004104771923186234,0.0031991165809841958,0.006748041438549279,0.007215664943230138,0.008328671193977755,0.006388479384483503,0.010408466834970653,0.00478205629682904,0.005420323502051616,0.008783647232903747,0.004557877497597218,0.002571805184138043,0.0022971294346348257,0.003807173064320324,0.008971012347444685,0.007501555844646646,0.006224351447067988,0.007702834738488917,0.0024289296320574747,0.003409140892810569,0.003389517799258357,0.0024667638673378177,0.0024652464352179493,0.0032716208162916873,0.002565807223122363,0.0021686099415532565,0.0026136381509004993,0.005270767164357437,0.004765318243426009,0.0022006833853950524,0.00456292854381104,0.0034284383378292206,0.0030958724608801448,0.003449084455981222,0.0021525514707512626,0.002201892979615394,0.004163985206816534,0.0035825640261563764,0.012440655106634325,0.010481244603795403,0.009501049886468849,0.010384960755356332,0.0038336130413703985,0.009308169178627423,0.008322214027910491,0.003372971908189015,0.00414442529179766,0.00826756287353092,0.0070697283705506205,0.0039560403816082616,0.008015000408622085,0.007774914592572202,0.009485120507619627,0.007250262315120892,0.0073485095270463315,0.0065875952203533926,0.007134850901208268,0.007098040702235409,0.005198232296410055,0.006363075463769974,0.007757332147215123,0.005856795379305879,0.00444937791935871,0.007785527970801098,0.008119844843308499,0.006624995545823254,0.005315897532234004,0.00836299315882343,0.010064372085207652,0.004913419729295754,0.005704517663303932,0.004507822973454268,0.0049567250621720405,0.00666088861677494,0.006722790702279724,0.005764003826639908,0.006379357038813538,0.008587520847967055,0.005184636220401728,0.006340712275297022,0.006173467206379968,0.004698833065496189,0.008440372676423636,0.0027036142544126563,0.0033345339827477007,0.0075327908931946295,0.007717743472199601,0.002756014079186997,0.002482007853878798,0.0063593398253239284,0.0074068321718620215,0.008749691745585153,0.008455987914129538,0.006580527218800114,0.007830185654825073,0.0050629886629877776,0.003988468017617208,0.006854393735540043
23,31.0,0.0028135599581680993,0.007667577360421518,0.007324136323293118,0.0028046298532096612,0.002080944978929722,0.002873030072359484,0.0026327846719873095,0.0020259612303853204,0.004787988877106386,0.007793099652343471,0.007907900437076166,0.004565916189622499,0.0020790852902543124,0.002332618208662751,0.0024596309384726568,0.001933316644382188,0.004449980601929582,0.0039010515446889827,0.0028436123718798,0.004242203486005991,0.0027428820584262325,0.005193215171322407,0.004011227745625945,0.0032228730437104504,0.007579068234134212,0.005878809546196351,0.007061840725621238,0.007393716531011308,0.010465838947357753,0.004600181330574315,0.0051602865284642975,0.009016593541765872,0.004695650853965105,0.0028606051493135,0.0024076282927275373,0.003924410451506333,0.008474893856475063,0.006709750895453226,0.005529467569724033,0.0073099814004478954,0.002352197379026677,0.0039663138600914746,0.0037628442393511817,0.0024291042538671093,0.0024038341331824144,0.0032042734328697974,0.002558379449186532,0.002120395094689087,0.003198515001933089,0.004817974798758229,0.004289955891990616,0.0027243045449850457,0.0047870562819021245,0.0032068499599837708,0.00302542468324134,0.003612221705169105,0.001950952857458077,0.001970232909194891,0.004158567300735427,0.003689995729128981,0.011784839998998108,0.010415245025775021,0.008586537015535356,0.010279299360156102,0.0034053962306373363,0.009325782640912906,0.008153819001346818,0.0031817079937894732,0.003598183649987874,0.00971006250719526,0.008114735500449655,0.0033678917382424347,0.007503911886347936,0.007047301301576425,0.00824151567817708,0.007026276506216078,0.006681027750194346,0.008094713706513091,0.008371092958423532,0.006545458026783279,0.004821803059086705,0.006170864168710466,0.007455801714671395,0.005358068177693553,0.004200997656583638,0.008820956995884189,0.008895862204155235,0.006633188531187528,0.006000313069664287,0.007247826488279685,0.008855955948302352,0.005496459913942431,0.005682185118092065,0.00568718402406958,0.005703032703183198,0.007225315231088558,0.005947335601833003,0.004232709057874473,0.005592023737472118,0.008481008962896653,0.004421126045732393,0.006319273030177186,0.005898040470664512,0.004209513304404311,0.009644328303962623,0.0027934609217211913,0.003494181464012769,0.009062599965432128,0.00676732713039172,0.004210133185814158,0.003922592357166366,0.005593244110508521,0.006786319524935891,0.007857448431348502,0.007940357617420091,0.0063556858409256735,0.007602269586329413,0.005488051012909523,0.004624025002187437,0.0067957152971885645
24,32.0,0.002679695630516221,0.0069855664738256,0.007026240714719023,0.0027672531363563736,0.0020721876511046846,0.0027287353656895164,0.0026002373168928727,0.0022003163074288067,0.0043351505011365535,0.006733731312235846,0.006923032525166661,0.004331014159725299,0.0019474356727968711,0.002191314600229077,0.00234874492238788,0.0018977246939357428,0.004172963989700662,0.0040550670132972755,0.003654799241834894,0.004315108109583576,0.002882465065100348,0.0049000953542730485,0.003955123725670973,0.0032126696490252017,0.0077593090555950536,0.005210046832225856,0.006385845575724147,0.008025085883387106,0.00963127356313862,0.004848378184416191,0.005265366392121251,0.008731727843073855,0.0044141256044497364,0.0028083352817091624,0.0024766970524439103,0.003850111093397146,0.007544152050778763,0.00575929490723297,0.004794622170788898,0.006734748332305429,0.0022037521385982473,0.004138571293956517,0.0038226427186124567,0.0023514172144466273,0.002478184141024542,0.00334541088275202,0.002589498218506492,0.0021754764224951374,0.003716738587930024,0.005262632270634527,0.004568270162708643,0.003205133726081044,0.004585280461726881,0.0035878062555475764,0.003238054248008382,0.0035483558130621875,0.0019517695293700399,0.001911770047232153,0.003739177786667369,0.00362176733403885,0.010522850448478494,0.009693906311815681,0.00767636949308752,0.009833820808518823,0.0029982585065269516,0.008715247114213297,0.007508930349266763,0.003050744756436785,0.003309763049574599,0.010075448307967605,0.008212087012265102,0.0031107712551317946,0.006723920609601919,0.006919831159863321,0.007862229245183271,0.0066456542137565576,0.006198156786591369,0.008909147799212747,0.008755910047405991,0.0061481099079749415,0.005116127489523592,0.005451443135058298,0.0064537703625198615,0.005531271762332324,0.003897162607087523,0.00892700317013464,0.008672373389057242,0.006264749665578506,0.006401449938280024,0.006370565368634828,0.00789136682437146,0.0060520358706064314,0.005416388592988852,0.006614622641590273,0.006192917995099379,0.00732185099539393,0.0052663499540344105,0.002998710940708804,0.004671591120491314,0.008161577328829139,0.0042957958002226345,0.005864395959125801,0.0053768573946683775,0.00430549394534907,0.009547008691603054,0.0034673330128292433,0.003861963949329095,0.009320685184851385,0.0056883768993508,0.005538087371011358,0.005209105130980873,0.00481190423566531,0.00587146309030615,0.007129007467856496,0.00747577881519419,0.005943909689317195,0.006972935264660407,0.005793570593353082,0.005071676362523902,0.006263717881572717
25,33.0,0.002021611692642722,0.006201159087561336,0.006527263574215425,0.00216596950372292,0.0018710052903379904,0.0025718656348161064,0.002540479806791751,0.002163610240965852,0.003012859401420087,0.006116761810739035,0.006320724491504848,0.0030811914368179317,0.0017925863053214642,0.002265788905132382,0.0024717199241131027,0.001914396581324951,0.004116202771984235,0.004418162709660578,0.004824339724638094,0.004344464897842926,0.0029873837140705463,0.004366960371655182,0.003726889401256983,0.0032064253870096593,0.007642646468209335,0.004885118690177848,0.005837883450251979,0.008347301657385486,0.008338965204400495,0.005136037026883855,0.005364599109203993,0.007945840155020534,0.0037708530933876715,0.0026794507027744887,0.0025061145329836167,0.003442777784881912,0.006764323162209962,0.005160923979128995,0.004538178664156334,0.006359103606956751,0.00205237156372462,0.00433608461407573,0.004006885593871345,0.0022336511947791847,0.002699773238909131,0.003304869079987327,0.0025829665149416313,0.002468703716364473,0.0036346264928319274,0.005700632146687923,0.004944998649955323,0.003196741345321641,0.004240027937193247,0.0037957892419150595,0.00336697242789441,0.0035116873785476345,0.0021483443990135244,0.0018055155916997024,0.0032543997597414887,0.0034485597146911573,0.009458195101672829,0.008395867001205204,0.006540455311900217,0.009759922737885063,0.0027511702293217867,0.007773626190606819,0.006734128832968622,0.003063288336483083,0.003457898783410229,0.009703897632457626,0.00803676865729983,0.00325000422374373,0.0072833651041129596,0.006456901749442778,0.007277761841928765,0.007547450778131548,0.005881416217645352,0.009122932633498948,0.008958942035231843,0.005798305216825383,0.005906405097672973,0.005021782542804942,0.005900801484096263,0.006161224511826902,0.003973715366803532,0.008578464982880974,0.008279814051257972,0.006102575451405556,0.0067794535739416515,0.005497731244167881,0.006986385386749561,0.006338892677203489,0.005135151215102951,0.0070266928950495355,0.0066214104214964205,0.007217424467605582,0.004243145200667442,0.0019518276428080127,0.0035042418984460254,0.0068518843217511005,0.0037386852385282053,0.005734077413500671,0.005201746152997089,0.0040057137283092455,0.009477282796797937,0.004879842352183061,0.005024979303930621,0.009546536286715224,0.005026418614913553,0.007352076474142421,0.007016471679406777,0.004531459256945425,0.005224564464170101,0.0066695148687351494,0.007188773954201366,0.005651193530928822,0.006954429253050165,0.006039531769082629,0.005509579861848124,0.006566523621622622
26,34.0,0.002001143950050732,0.004960928188589975,0.00525325705344386,0.002156865003046704,0.0015998858580317688,0.0024795509368523484,0.002301740499223115,0.0018823097552356672,0.002668864641911739,0.004425492899276406,0.004596612024732849,0.002791644886116984,0.0014736731689104943,0.0023193989860750717,0.0024935117763995153,0.0016421574387521787,0.004038607050327414,0.004235795288543898,0.005479763813172412,0.0044324324738823865,0.003151864576861385,0.004044862524696669,0.003585897699993268,0.003292553934802811,0.006726739413273464,0.005003494364782313,0.005748475736582037,0.007813992562802241,0.006904052997600019,0.005808758996460028,0.005844423880804328,0.007013414088648062,0.0031831321786363275,0.0022990803962748886,0.0022702661958888372,0.0031137506935962735,0.00584957066934706,0.004765963607604107,0.0044091560608173095,0.005857479046325409,0.0018485150041492205,0.004265717575358252,0.004038714844914182,0.0020236718492469665,0.00311300340778331,0.003199177020528765,0.0025388115212955143,0.0028866946926783045,0.0033414631529105066,0.006343017215282032,0.005668349196659506,0.0030354655439580823,0.003692074953814739,0.004074684762180425,0.0036190134573658383,0.0032883238599254127,0.00225460921434788,0.0018325751020725535,0.002809551853084713,0.0031180517803285567,0.0075480034282882965,0.007278211022298109,0.005767353612873194,0.008796904178635856,0.0026112963733275762,0.006833730823242945,0.006011892734350255,0.0031249805067247393,0.003611706333973075,0.008447641623492074,0.007117928700574083,0.003467641308416347,0.007125424854590534,0.006424777785627356,0.007190554074426103,0.007792817957314213,0.005640770076819024,0.008657220434472635,0.00849466618784902,0.005589992689924372,0.00705936979569941,0.004507518109175379,0.0052233844076234,0.0073846589738622015,0.0040487216539446536,0.007862928060662711,0.007617605376886161,0.0057202017987172836,0.0068364214624729415,0.0047944825664160366,0.006152485017135945,0.006539451617138781,0.004802813564856479,0.006891164122033189,0.006642024747721109,0.006610395046735107,0.0033231786483490567,0.0014450939527193896,0.002695782208073183,0.005771376133333917,0.0032400218906779798,0.005247495588222506,0.004833792845704466,0.003609077198501609,0.00786378612486871,0.006153253995802998,0.005992123372106306,0.008103712167142873,0.004488670953700336,0.008336394577532501,0.00796611842384678,0.0043671990940460145,0.0043853361314162955,0.0065059107156436365,0.007169614920413636,0.005043242988467256,0.0065574818370215835,0.0060315970051327385,0.005566199459591558,0.006432120027454857
27,35.0,0.0018084022885567208,0.004380854150129209,0.004601339537336458,0.001873922217590973,0.0014898374040285488,0.002491702253889372,0.0021638660792582696,0.0017324682206677267,0.002013371362114924,0.004129732428437905,0.0042844020337177826,0.002006791308743772,0.0014409788996601947,0.0024974929008479306,0.002637740864363991,0.0015955025904780483,0.004167031732684734,0.00427806418384975,0.00600645627681331,0.004641372998835181,0.0031738248682628978,0.003531265931723482,0.0032079734129027314,0.0032236091315724024,0.005674712288186612,0.005106683440491366,0.005549120833319421,0.006700275452789839,0.005618121407349008,0.006517192509757308,0.0063649751293183955,0.0058481576447171335,0.0023856520299133876,0.0020931728526406347,0.0020224198988728404,0.0024630163824163275,0.005130285389746803,0.00494327689465166,0.0047927067494356376,0.00542513009886818,0.001656939702975535,0.00426111368576656,0.004208248621826982,0.001846211790476815,0.0034634437591485323,0.002848649901375211,0.002470891948457421,0.00338801918038385,0.0028013708800010305,0.006149307814926175,0.005790515143362285,0.0026750607767709765,0.003341550730397813,0.003973338298661133,0.0038358926931110204,0.0032776194557037285,0.0024076941342393355,0.0017588646438291278,0.0025797008078541237,0.00297851310066406,0.006477015957020882,0.005952145647671614,0.0047019299929971226,0.008323567303902024,0.002803382623689998,0.006082622883250366,0.005462484284826275,0.003447898148809969,0.0037778275853611377,0.006967555977015394,0.006089220669480966,0.003760928061459623,0.007705943627428979,0.005924070132257953,0.006594063552092422,0.00877943954778857,0.005543829498433439,0.0075272578159420785,0.007553214164517641,0.005594282043300325,0.008538274646150512,0.004416973495853682,0.005084529210807176,0.009044312371293727,0.004524292312822098,0.006961175044720136,0.0069907281721427236,0.005791153559108864,0.0067230350418959976,0.004029636381147839,0.005286415900117447,0.006476854263529929,0.0046881031574564245,0.006407284588045315,0.006439661665929464,0.0060930555205118255,0.00282138059006769,0.001088015086511973,0.0020568906200111314,0.004903166566409567,0.0029230011191963,0.005008308503284553,0.004655797663164663,0.0032885633123683534,0.006604107492589151,0.0076526086853370145,0.007431176312496035,0.0069786226131157035,0.004199299043678906,0.009118947547399614,0.008769401654607378,0.004415629436809354,0.003900591355861849,0.006683109092404748,0.007422011899518566,0.004495575095217674,0.0064517366611710255,0.006099471299617676,0.00574151416241051,0.006830419580312252
28,36.0,0.0021113978264324373,0.0038399621227256375,0.0038344465303019604,0.0020845661690437113,0.0012796735282812222,0.0026191586453727213,0.0020554203940328364,0.001449005983477747,0.002458831764705849,0.0037078230250543243,0.0037847985020974307,0.0023362967628997922,0.0012090946371856148,0.0026010454990100127,0.0026513875738288562,0.001287311083141418,0.004114185299071949,0.0039511468721073585,0.005867726732608958,0.004842088970467983,0.0033436086268849863,0.003194440795636666,0.0029607164162491983,0.0033650889788411575,0.00442924187081104,0.00518894384900861,0.005379742484573314,0.005347429040968877,0.004887363147811641,0.0073806244181390925,0.0070184256742003015,0.005120408675975341,0.001898471000728108,0.001883100698300666,0.0018239929111835806,0.0020878568172882695,0.004585107527726962,0.005178062890006885,0.005070328501642507,0.00508885831935828,0.0014991695059137556,0.004360231981630847,0.004432065823828424,0.0017125097564985481,0.003873919649849711,0.0028778773741265696,0.002714516441354675,0.003838578257565217,0.0022015556493954593,0.006167229913299366,0.006130360022738301,0.0022438753057720364,0.0029849561118460597,0.004233290207727692,0.00434112217682312,0.0030960630117967012,0.0026633594673739934,0.0019663229389330185,0.0026261638628092498,0.003016669711863784,0.004977221795233788,0.005337103186484171,0.004226980874303621,0.0068321240276581815,0.0029140984091696963,0.005765232816327881,0.005254136739250725,0.0036028593807863273,0.0037112137612375306,0.005419615022904623,0.004767985801132113,0.0038388158553324557,0.0075587328921429275,0.00586462672060577,0.006306669131259923,0.009006037092429153,0.005343389623484995,0.006418720354063367,0.006348007722100845,0.005652214643958331,0.009418968678091489,0.0043939148913345605,0.0049637655929124945,0.010426518770979243,0.004784427520387169,0.006314646430836746,0.0063998408414150275,0.005741897788406192,0.006452328294895437,0.0033985354797245295,0.004421038785810083,0.006520731645716182,0.004539116061632598,0.005757086768671371,0.005909136513496805,0.0055165040115497275,0.0023528268913999284,0.0009473934625916058,0.0017484936561764641,0.004563042396374328,0.0025995724938731256,0.004602780486403901,0.00435731915701183,0.0028112603645176646,0.004802097927100846,0.008638032692327612,0.008306897443839034,0.005291992858518313,0.00383771355498439,0.00883879938667107,0.008534936526020687,0.004198251143952803,0.0033583099269812065,0.006970323300019743,0.0076459039791366475,0.003764471357216337,0.005961488300867046,0.005687902647979826,0.005417587488833675,0.006583596594597907
29,37.0,0.002531712331280289,0.004249881846660486,0.00416233139687563,0.002346640776075759,0.0014241332170932708,0.0030699449319278927,0.0023556637814373003,0.0015404458850440505,0.0026870181527982595,0.004437025255906235,0.00457236616761989,0.0024598432793432323,0.001400608172093598,0.0028854448814207958,0.002803597301524263,0.0014323614418771057,0.004261538133409459,0.0038350758810267393,0.005702945993150621,0.005206294334660555,0.003266410008289711,0.0027380844042390606,0.002599549348097696,0.0032296184556585674,0.003397320313954566,0.005115575513616477,0.005002891485079886,0.004147806124309738,0.004527220763161921,0.008086924286075003,0.007583838448579882,0.0046092291065463085,0.00143808109822956,0.0017980840599285842,0.0017359465043789157,0.001603179725651671,0.004358917361882675,0.0055391268141193,0.0054147312407323515,0.00492098876996252,0.0012245366947034597,0.004681234202395501,0.004813268368854295,0.0014833057517876114,0.0038606998909379796,0.0030527716014930205,0.0030693851614756796,0.003949246592547695,0.0017547409847402662,0.0055536582019854565,0.005766496065906068,0.0019273729884446312,0.0030046112458450127,0.0045983022365781775,0.004908812016583397,0.0031836938544977044,0.0029812087637971275,0.0019827155246872506,0.002618672545374068,0.0032007309833822716,0.0044457363595668655,0.004461341926710105,0.003492482037239597,0.0061113529378467035,0.0032957952836895287,0.005671898928137154,0.005254544155806684,0.003991494530821882,0.003372444384314832,0.00419947369202589,0.0037356243830600987,0.003612688155994448,0.007803506734209975,0.005143710806016344,0.005404684112822622,0.009740376388660366,0.005288342289671277,0.005024599036331523,0.004885810889111752,0.005884669596989767,0.009881093933293528,0.004490434499864193,0.00506584956591567,0.011414819328624048,0.004784028568806065,0.005666362082978793,0.005702895150454879,0.0055961098602743675,0.0061240718970694275,0.0027437963072856064,0.0035528261525023196,0.006490629483752741,0.004395443213662986,0.005085522965103451,0.00521640630968676,0.005017031248561921,0.0021745144569841556,0.0009412843109934954,0.0016874535478621055,0.004225909920678106,0.002637521868570758,0.004307369881530576,0.0041153851202025745,0.0027421502448433444,0.003821198555196759,0.009398460990540513,0.009109849114911838,0.004418247638120221,0.003748209558256832,0.00824278615635734,0.008010890234682932,0.004189356218116558,0.0031010653742569614,0.007719138278527993,0.008173855153312815,0.00322448982849437,0.005729845946589052,0.005352003357496216,0.005154036743370938,0.006621538177618192
30,38.0,0.003166150023318437,0.00472703574493778,0.004523587592621681,0.0028487690859662963,0.0015252350310980488,0.0036959057156906285,0.002828596378991932,0.0015736278080872522,0.0034557172904541742,0.0047816583987781765,0.005086287728543226,0.003199571022501857,0.0013619512191162641,0.0030202284921536206,0.002776587091259586,0.0013431150165288841,0.003952404119285546,0.003514600338595386,0.005209118074029106,0.005155785432886262,0.003224697232659679,0.0024884174372999724,0.0024462123218768283,0.003183040938370141,0.002841732624018789,0.0048618968652874624,0.00449996682338849,0.003623432255561454,0.0045247416177716104,0.008736054339042454,0.008046226161489044,0.004462026762467275,0.0013015880568850945,0.001832682930297125,0.0019424474616066335,0.001424883200634497,0.004284887362093315,0.005685968494530869,0.005420189815799859,0.0047290055413412805,0.001164300729062262,0.005167702075573999,0.005221596870394052,0.0014245262124028101,0.003804310947404588,0.003906423498720102,0.0039052805060563857,0.003911303614939498,0.0014088695193073876,0.005557330704804286,0.005897432123247626,0.0016602417767344947,0.0031982295232204196,0.005631940392945012,0.005770870609516976,0.003198487009331785,0.003373194649639544,0.0022990686497585955,0.002679642105658786,0.003353533803474562,0.003580917264083894,0.004141890735164822,0.003353287166360275,0.004803912280020484,0.0033813862669489934,0.005786144271012717,0.005418822534603862,0.003942273105519689,0.0030036277872532934,0.0031668007557072997,0.002753218061671703,0.0032962093658191805,0.007331577299424907,0.0049220009174284485,0.0049719552105266015,0.00967888943265507,0.005008686735421009,0.004176615368992031,0.003814737153140868,0.005788451519428861,0.009625841530002077,0.004405589504140295,0.0049804535326330775,0.011509939818459002,0.004564157850619211,0.00517633308682548,0.004967975160972316,0.005262120935789483,0.006145954564966871,0.002221383718401171,0.0027407077774448396,0.006847794597760526,0.004313347269965106,0.004484435360568284,0.0044158561036461205,0.004611522295482473,0.002062051741665982,0.0010510013350419456,0.0017795436917829477,0.004353871524326536,0.002464592537272381,0.00391959634401573,0.0038181801985629703,0.0024911134225632735,0.0029497318041471488,0.009619123073506586,0.009235373464841956,0.00356979831413895,0.0034811931158664324,0.007255165928205543,0.007063649929445148,0.003795891829398812,0.002749812361455639,0.008001815747257269,0.008191720241279654,0.0027111491727012547,0.005182124055326654,0.004527545897989427,0.004384775465245383,0.005957737530981433
31,39.0,0.003831029081023729,0.005702177460704405,0.005498759846374668,0.0033292264073502055,0.0020213723121408123,0.004669324384183682,0.003783173741811652,0.0020058852080182986,0.0038404722063610564,0.005299865238556833,0.005972708452032549,0.00367337858777077,0.001765037098218869,0.0033873256303742494,0.0030169554852577107,0.0017500195963350506,0.003913770968318886,0.003277932769201186,0.0047935688677320345,0.005256558553715251,0.0029085697865603778,0.002256674585250096,0.0023407226960742377,0.002820767317215456,0.002621897331733436,0.004634352270044673,0.00408208178123246,0.0033841390039185625,0.004890945077507069,0.009122152223493173,0.008361039136541848,0.004651509030354361,0.0012449262798334359,0.0019945031796055447,0.0022503446393130843,0.0012845272308865674,0.0046663728010777564,0.005695031447906018,0.0053690267026915706,0.004876017550498801,0.0008959458451684554,0.005608872158617118,0.0055523784449079015,0.0011087004299469073,0.0031968367370893702,0.00472913052190691,0.004601951413416572,0.00336979964992139,0.001267589650939982,0.005150775873256919,0.005535906125506784,0.0015296199997457904,0.0035957639460022506,0.0067232606161219625,0.00650721800855294,0.003390706499628493,0.0037241843051319277,0.0022021770276744236,0.002361497052358175,0.0034500243810015262,0.0032860592072822214,0.0033741076718179384,0.0028556302391834266,0.00425345424931507,0.003523337077847799,0.0057409756394527275,0.005422004735832075,0.003986290347050669,0.0023796045758999185,0.0024618957913183693,0.0021219781488703406,0.002700527226112115,0.006971516088986362,0.004116635585089767,0.00412745537495951,0.009612868388754947,0.004867859225519311,0.0033449697958104706,0.0029366565082163732,0.005676604257838136,0.008887373392689569,0.0042097891999624435,0.004873060708712984,0.010827426302185472,0.003925807306714546,0.004704691736841937,0.004283229019787882,0.004468778082540581,0.006088563402708047,0.0017969002420116452,0.002147286517968894,0.006988379485223817,0.004005053298392625,0.00396881364547923,0.0036721911095547455,0.003996780037425651,0.001851765884188694,0.0013896094089474787,0.0020969255033406855,0.0039410169760728305,0.0024054493096294038,0.0035926238346917216,0.0035001669419223447,0.0024964671611385826,0.002758083052194138,0.00922565666966122,0.008807278862849443,0.0033358100590078267,0.0037646524726845597,0.006130075291737569,0.005957601956225744,0.003965403448509619,0.0026188839462903957,0.008419782620646288,0.008377901746155913,0.0025727216698470555,0.005020426004618628,0.003838844476990744,0.003645132453404187,0.0057136470268993374
32,40.0,0.004460113188273595,0.006575156887048905,0.006411212137410871,0.003842155993702789,0.0024109041881892777,0.005512018466864532,0.0046946229499631896,0.002310604892524282,0.004337910027003034,0.005445266599766541,0.006500694049882583,0.004217858267487884,0.0018591990432611284,0.003458436295314016,0.0030627198507154675,0.0018121443974038697,0.003353156312911665,0.002946411114774605,0.004238571246386868,0.004779974592033653,0.00258700474798772,0.0021722416792492537,0.002384131886369545,0.00250197631381468,0.002684466723256662,0.004220799910662265,0.0036039492176968223,0.00344235959297734,0.005041798991690882,0.009284392803825625,0.008407126767659178,0.004672622712130448,0.0013282148918165148,0.002306894155523054,0.002771366164424194,0.0013436892848723403,0.004916268179152894,0.005476363845446741,0.005085051000435925,0.0048109905929059945,0.000894142269469711,0.006153243568932964,0.006034453006214591,0.001020352199551411,0.0026574651655330685,0.0060308098307857,0.0056967086855209455,0.0028393994904533314,0.001254728624070367,0.005487080630511088,0.005873943242401936,0.0014514470286457026,0.003956934478733842,0.008089995607841871,0.007357928038556593,0.0035557159758887735,0.003958817873595422,0.002388876330183365,0.0021547590264965775,0.003362292684497703,0.00271153734257652,0.0029968124726138965,0.002733173564912761,0.0033201753802231337,0.003328427889942276,0.005691079007677758,0.005346374025336331,0.0036046433107053133,0.0019502906390343356,0.001882095637282788,0.0015539444181143836,0.002271354920114277,0.006307122990170911,0.003879813715114011,0.003948808839020046,0.008941574492999394,0.004440886753383211,0.0030395410534460156,0.002579055615534287,0.005182305640214935,0.008109933278755931,0.003808356148079639,0.004572201499954076,0.009760213432392816,0.003340052814199623,0.004176022935673984,0.0036019868104816056,0.0036727263810000465,0.0064936440630511075,0.0014670300657222413,0.001720003565282724,0.007444739208464312,0.0037634603808882616,0.0036677513031378338,0.0032317888788377046,0.003471448851949077,0.0018948489352133891,0.0018466397144088376,0.0024364715020752216,0.004129568645883097,0.0020508888330510898,0.0032648025672891378,0.003197368051489491,0.0021690523548898,0.0025140377462513188,0.008640779451587833,0.008090160627717325,0.0030029761444524184,0.003854270059543552,0.005321096315142171,0.005114072429062588,0.003795413061689601,0.002321180678485746,0.00785232958791795,0.00772175226365448,0.002327100241670621,0.0046589957116282225,0.003003600432852238,0.002801143994230415,0.005011997817484115
33,41.0,0.004881272135304471,0.007670169596920573,0.007684081482010896,0.004242951262829564,0.0030904043052771613,0.0066342743805584805,0.006082272908478359,0.0029677149008136895,0.0044659712920385175,0.005685323630608252,0.007106366571454003,0.004452090434251233,0.0022996967286708523,0.003755036972198411,0.00344645724456214,0.002321381081429763,0.0031673311442581564,0.0026430789917121444,0.0038357835481797053,0.004605562498917237,0.0021811375129139774,0.0022021569755310113,0.0025176870823493402,0.0020647172762629394,0.002766075173346394,0.003963578622096975,0.0034012271136170114,0.0034209749586764813,0.0055863848851416265,0.00919288970748866,0.008288027948925959,0.005112260770192734,0.0013856051028113825,0.002726663587527156,0.0032501529250275494,0.0013751086167459903,0.005620125623931216,0.005126230382098385,0.0047389156173210266,0.005239667656429248,0.0007490649359226609,0.006079612900746411,0.006047890694949843,0.0008060380849244098,0.0018804188460059379,0.006450871684744897,0.006040639839380191,0.002083403384833105,0.0012524919736975448,0.005321872070245348,0.005694996852180623,0.0013878427547325601,0.004265117296728249,0.008639226272194378,0.00759689659015308,0.003816712805281952,0.004264945917058327,0.002070949300507863,0.0016225254942483502,0.0034773106013823,0.002402612349650468,0.002383653878871428,0.002347045140275128,0.0028492337471007546,0.0030734846787979107,0.005453894424451278,0.005104518941853087,0.0033212950979120137,0.001464526426736512,0.0014817031302612805,0.0012389939631347602,0.0017714728370222589,0.005778056825637634,0.003454075583174188,0.0036673939161111944,0.008195732191987304,0.004136465166696013,0.0028021178464989306,0.0024701378109639903,0.004782262995333042,0.00718037171754915,0.0033274830049030866,0.004215622326749724,0.008507332408650115,0.002610711206852301,0.00369821851885348,0.0030982965145469167,0.002794771348533942,0.006488255297799128,0.0012862048426313776,0.0015687707686382168,0.007355886900656116,0.0032037170185617468,0.0033880131471271113,0.002934571362927585,0.0027738188036629196,0.0015994738720451096,0.0023742078292123383,0.0028018598392939966,0.003634978024746971,0.001831008974417614,0.002990032799107212,0.002911893343109995,0.002042879793614105,0.0025762799754524223,0.007502884548587474,0.006925466771416922,0.0029690274662705464,0.004412484324246435,0.004380613783921916,0.004145810304457598,0.004245085979363949,0.0023953323613795873,0.007540837374781973,0.007379283246677915,0.002441542708926647,0.004642020446306816,0.002366656955661739,0.002103634255148279,0.0048136911251972945
34,42.0,0.005375854711328287,0.008536321857193486,0.0089047497035466,0.004773157159930009,0.0036649542036052197,0.007483242391716516,0.007257067840492936,0.0034642644070288497,0.00459189152831172,0.005687693453829468,0.0074056558061109,0.0045577686716839596,0.002404559197124456,0.0037525536070596387,0.0036067508499236568,0.0024542287077181867,0.0026175992954428295,0.00229630693992533,0.0033516389732739073,0.004038169701419747,0.0018827652050042332,0.0022419790257188765,0.002606853531560915,0.001780198454758164,0.002698524995314244,0.0035165666451099755,0.003132732934935234,0.0032632754626895633,0.005533749461852722,0.008651818556923985,0.007758800323156123,0.005083923496483322,0.0016033347789516483,0.0033290772300873074,0.0038427724609739755,0.0016055183448528965,0.005852417807625443,0.004687132221041423,0.004292151445841341,0.005271535960336138,0.0007853194397952734,0.00618496276386864,0.006359271340880213,0.0008042646660868513,0.0013729165394195774,0.007167599898038901,0.006806687345502382,0.0015373559415259308,0.001381357768538294,0.005782900147309533,0.006143034573953798,0.0014277810266264622,0.004430112875413528,0.009238366103846828,0.008147009884913103,0.00403001893545678,0.004423536567497166,0.0020758686669857694,0.0013795987543552713,0.003512445381120699,0.0020666277426144575,0.0021359600784016664,0.0022504396105119894,0.00224191128279827,0.002702857727532404,0.005411287519260099,0.005023925113469119,0.002846151609378467,0.0011618070121841128,0.0011878091782861588,0.0010213389179099864,0.0014258308770038752,0.005627395359152842,0.003484812599844389,0.003848964621573714,0.007676075283483641,0.0037032121611240143,0.002870803320962523,0.0026255805370560383,0.004337518070101254,0.006657760700038295,0.0028898235146186833,0.003889377473484501,0.007572499958241963,0.0020284648091838165,0.003318530109403639,0.0027326355260832713,0.0020985969766037726,0.006726871640749721,0.001122292261995028,0.0014669598525806292,0.007426569118143078,0.0027641739144719677,0.003500840325186516,0.0031075679843709735,0.002246458296862386,0.0017099561268949515,0.003025041644335147,0.003225931987869046,0.003952781782230375,0.0015319900320747593,0.0028166915968490967,0.002756349047887596,0.0017006736530518652,0.0023876048049878305,0.006829181285810648,0.006207142311949809,0.0027241947452807834,0.004611235898973121,0.0039577165883777354,0.003720789266330371,0.004335724150432441,0.002214556125591116,0.006682489277459069,0.0066302823853312985,0.002215435609429761,0.004420075315411509,0.0018837529698181755,0.0016640751708017377,0.004332027143114914
35,43.0,0.0057399530801994555,0.009682531539439765,0.01057632855919124,0.005281244675402519,0.004527625448437789,0.00886363248496096,0.009099361572205566,0.0043109451816633285,0.004526068691518503,0.005948849227261377,0.0078931734249025,0.0045412115644801075,0.002854526253173617,0.004107129824102884,0.004120524256099855,0.0030172640626133784,0.0025392119342100726,0.0021567642468788505,0.003204789645158712,0.0039385780497369184,0.0017096927017526298,0.0023723340810128946,0.002752702896917469,0.0016101094922198911,0.0026355720992611966,0.0032726521257750107,0.00308308026468751,0.0030660653996982036,0.005958185458587906,0.007969131816342668,0.007209456244525114,0.005558456684156709,0.0017861199377549042,0.00395180467974896,0.0043274075169073,0.0017685018124403485,0.006525838602302514,0.004136094203507667,0.0037636755342333574,0.0058868042283236836,0.0008314755530484774,0.005510394909098437,0.00589688297815556,0.0008566222288230562,0.0009664223202214828,0.006626964238229505,0.006459440863035582,0.0010887150550878744,0.001444376780057155,0.005574187873953207,0.005952438720570541,0.0014704516733360152,0.004655273702822172,0.00878577433622496,0.007860413197047934,0.00436435715062089,0.00494613212408197,0.001745920930264333,0.0010393685176936173,0.004133629242821968,0.0018226304282535466,0.0018654067275065244,0.002090331225920039,0.0019070872374364,0.0023947419037710915,0.00534299274472474,0.004957079341959059,0.0025684353985575116,0.0009646541689122045,0.0010030345536691243,0.0009828968465576792,0.00117200612568098,0.005573213013684608,0.0035355493695654163,0.0039768069012666276,0.0072968646496946125,0.0034022301035570024,0.00293693243861739,0.0028652535300317085,0.003999260316055598,0.006091575986940256,0.0024947881052490573,0.0035498830133931848,0.006822848561643724,0.0015603896185595544,0.003094738136082498,0.002560117744071988,0.0016408339838555718,0.006377017071633162,0.001040175076614247,0.001486499424201071,0.006926185856434586,0.0022046358509733464,0.0035395661755799777,0.0032689151335887345,0.0017654387195932485,0.0014227828841050893,0.0034530631023848455,0.0034698385211029857,0.003558594441715712,0.0014475488780455238,0.0027031225785727033,0.002630491117002265,0.001627125018015363,0.00230168704741871,0.005913049521422664,0.005343584374058708,0.0025967130385097905,0.005015155717880049,0.003271497468290363,0.003056876624255267,0.004822405990691436,0.002407031587405584,0.006457421722569023,0.006438233970074236,0.0023344702821596285,0.0044059301300144686,0.001576310259169844,0.0013550601301474785,0.00431065119745071
36,44.0,0.00686613085631933,0.010749227545594663,0.012344488919884355,0.006464627568341541,0.005895952531010096,0.010430889486750772,0.011177073337674415,0.00553170495750237,0.004654487021864639,0.0058130043089690275,0.007977000403339929,0.004609340241299975,0.003366768791920549,0.0044324660255618655,0.00460489279820635,0.003564168843790583,0.002402787281960883,0.001903545942498397,0.002840653354200384,0.003838102324974102,0.0017932935775910152,0.002446305606915189,0.0027433623149526907,0.0017216383318817917,0.002572499928299976,0.0028843087770880514,0.002904893122514096,0.0029263812407393174,0.0057477200164015585,0.006730902110358983,0.006177618764076698,0.005521346176338681,0.002390518809605169,0.004871576276504896,0.005047935815329652,0.0023560354336567,0.006593621014840068,0.0036450328073897253,0.0033079749879632915,0.005992173589571337,0.0010229893959383674,0.005238030739710098,0.005800136251716026,0.0010861725828007706,0.000855485218596641,0.006768893318629665,0.006760481330736212,0.000916690478177884,0.0017308293564482825,0.005962731412493838,0.006370022302414213,0.0017387352679577362,0.004982702393797922,0.009138147483933068,0.008455938966119448,0.004814088286252627,0.005503178209254856,0.0018030024345478068,0.0010840417246271272,0.004889945784846361,0.0018272596506172078,0.0019621875203725382,0.002244408537098508,0.0017509719197676076,0.0023914659866193233,0.005841166021804156,0.005420703310380049,0.00248120091977313,0.0008391482799027017,0.0009597631179673272,0.0010354097467029533,0.000989900974256841,0.0065823337695512405,0.003951388020055191,0.004340624913261593,0.007952751886305976,0.0032869819239230934,0.003366358968768424,0.0033243992837178383,0.003940631481231094,0.006030505128519792,0.0023539849457847595,0.0034031876050121925,0.006594020175544557,0.0012753649736801265,0.003290466829769656,0.002741195452270517,0.001323667089931746,0.006283993522661291,0.0009701375612955587,0.0014650678614898994,0.006725230840551433,0.0019181667178379768,0.004241140535602738,0.004092880810301835,0.001499269830341632,0.0016102725793651017,0.0042223714862807075,0.0040341851304241064,0.004074518141212025,0.0016441200519231812,0.0028327432679724042,0.0027515447877263454,0.001690455853270123,0.002160286182012072,0.006119240925640668,0.005523873741950069,0.0024238103706913706,0.005088731368607569,0.0030649415247175683,0.0028621765596241744,0.004969900460583432,0.002227276151268853,0.006176134325651362,0.006282942049598006,0.0020807856996057695,0.004283427461088962,0.0015383010672685772,0.0013879987885722755,0.004142363465859234
37,45.0,0.007987949251463533,0.012509157173573726,0.014836912453682771,0.007752948695816997,0.007815716880708834,0.013201774596959126,0.01462705596539351,0.0074213010956860614,0.004778980656973885,0.006194072077220625,0.008489006463567251,0.004762095971540248,0.004331066293873675,0.005403160719715317,0.005691220779952033,0.004638083663090242,0.0027463357251896526,0.002125140305135176,0.0029938715096797354,0.004230697779419046,0.002043633090991648,0.002592757170499738,0.0028266068365773835,0.0020066207425152526,0.002823801831216599,0.0027838297580906612,0.0029059507073498025,0.0031032020722825846,0.006109765977800663,0.0057314690673401,0.005375983591054023,0.006018018294318495,0.0031026812585558615,0.0057864592369554655,0.005758972535595319,0.0030470489679807144,0.007268614102483894,0.0030707333367821833,0.0027735369419090716,0.00679992481153846,0.0012989144392058448,0.004338491883656559,0.00496138107699764,0.0014282442462537404,0.0009152612522257186,0.00587007104995152,0.00601091345949385,0.0009605722099131242,0.001988823362962222,0.005723772882090828,0.006163890744756628,0.0020447068277775317,0.005579101737539105,0.008789037597436789,0.008320350309195135,0.005557004323180337,0.006766387401459894,0.0018145567488069502,0.0012866323989058515,0.006562374789668724,0.0018269520297835129,0.002054858703080953,0.002370140991251901,0.0017523587897038339,0.0026108425212740373,0.006358484391268604,0.005955273132926209,0.002734142211179602,0.0008892083596172995,0.0010542618121363034,0.0012482405847428879,0.0009990732423624138,0.007532120574541068,0.004450112591188571,0.004740828089634164,0.00875144149608147,0.0033338238165377732,0.003795049509380277,0.003801490530210572,0.003950251692743478,0.005745735170376775,0.002291737748620193,0.003274482565129233,0.006419575938046762,0.0012221383806931385,0.0037279904076847003,0.003181319752073364,0.0013051559233957732,0.005716863680806483,0.0009475413218368089,0.0014854282726361133,0.006146657323619564,0.001707217213672152,0.0047877948259611005,0.00479828053573641,0.0013908406865724033,0.0014325668653064837,0.004612218845824856,0.004286831454518136,0.003874662724959421,0.0018930470909303665,0.0030086422285549473,0.0029056166837889918,0.0018828963457323765,0.0020890043435137784,0.006217184192726677,0.005651884240564442,0.002295012171111921,0.005371998501277631,0.002674572056593405,0.0024762947413826454,0.005461129777840057,0.002370316706610964,0.006483622360899233,0.006608657130697537,0.0021936981755587225,0.004408635163688501,0.001704700227124789,0.0015908830670888108,0.0044417121221840715
38,46.0,0.013897236713998496,0.01760247124269796,0.021019554596755797,0.01359476035370406,0.015844820018404704,0.02226305402180202,0.025041015204896412,0.015094091089152073,0.0064194272896088474,0.0065496437893209246,0.00907898534612599,0.0062468471224725874,0.008508936665339206,0.00919363266141886,0.009728899732092344,0.008910868121012072,0.004753485088831155,0.002683094224041582,0.0031498888391283232,0.006648955261618283,0.0034496570783275615,0.0032210532503484045,0.003147041297992814,0.0035192468312295945,0.004339251918607801,0.002839433058013441,0.002990557560227103,0.004697671604192521,0.0061674071335694695,0.003890248603423885,0.0037754015423942635,0.006381855280069004,0.006203093745240551,0.008910747286948606,0.008471616319405939,0.006135913970506834,0.007878649293106577,0.0027483763501244597,0.0025024840691251883,0.007557075062441498,0.0023544578529971715,0.0038621962125255037,0.004433093673380029,0.002586231639967451,0.0016745003644480505,0.00629152345069528,0.00644186126981765,0.0017184179455185244,0.0032827157333287006,0.0071081219800746,0.007491961225471045,0.0034090070466412216,0.007954685693899677,0.011447048101970836,0.011125103869899533,0.008092662512235194,0.01051416090166839,0.0030028483456938206,0.0027898259263643864,0.010981872587331765,0.0027450503525940917,0.0032034919662429218,0.003544882648443348,0.0025637390865959732,0.004722463820192502,0.00950349217457216,0.00902251403313059,0.004750561182186886,0.0013324573708914044,0.0017449730884557368,0.0019011025611831655,0.0014548886059067457,0.012720694983513425,0.006896452716821244,0.006709584713458128,0.013764328623435063,0.005061988486057345,0.006311538136914407,0.006054712345013513,0.0058618239325817,0.006558581519735896,0.002914704264685497,0.0036959953016669545,0.0074357089855659805,0.0021364206288382094,0.00625515651059203,0.005545233887576018,0.002042480138170788,0.006102788443924823,0.0012144078521536983,0.0016712458265196518,0.006679153391488768,0.0026378381274355434,0.008130706567157375,0.008302722351218251,0.002138187338981368,0.0021130382272588123,0.006410352593108115,0.005824998000019832,0.005438941276791809,0.0038234504383900967,0.004236503343671672,0.004149375683319079,0.003545873178784831,0.003217872683509171,0.009781150512429093,0.008967628104852566,0.0033536415438994993,0.006336303215419292,0.003272888463826007,0.002895773829034454,0.006608228264967408,0.002429240120775944,0.007442519075369347,0.00775860036295839,0.0022523404326598496,0.005171426067012419,0.0026187976778153654,0.0026174222584721464,0.005202930783348591
39,47.0,0.018813408903135098,0.022827668475328976,0.027293758413537005,0.018757354948278505,0.0225329060595719,0.031247297269369766,0.03617645179909914,0.021920065858492422,0.007826285550755329,0.007375966311225568,0.009982326182145585,0.007582393922307773,0.012010820769845054,0.012882635033252399,0.01375421659573206,0.012725705062314319,0.006495645653807713,0.0034398193196523152,0.0035403536986841288,0.00888404911503855,0.004675272353814819,0.0035463827482161035,0.0033030396177643694,0.004879846850063529,0.006186899239981614,0.00321716889655832,0.0032306030190262904,0.0066263954891084605,0.006463801784261136,0.0023705483967823683,0.0023581116406383275,0.00685908448858683,0.009036472575251508,0.011454718398832853,0.010712283568079073,0.009047798830769694,0.009370269938162323,0.0023811672495256176,0.002153038724966194,0.009217661726244586,0.003233022701203936,0.002816687547500152,0.0032460714949060334,0.0035905464557700385,0.0024465446228752797,0.005641993339919793,0.0058168174872932354,0.0025562137778500473,0.004212601921249615,0.007698505675682555,0.007973950047494327,0.004432615879269264,0.01043135665207231,0.013104683095933467,0.01294040480486629,0.010795870578661493,0.014632335606195567,0.003756025193174395,0.004051959776108305,0.016162443060818533,0.0034240294646437517,0.0039010018160425377,0.004279827064669917,0.00326882365602259,0.0067168356612285155,0.012205543985893996,0.011762787831558796,0.006801892442436497,0.0016236369424184715,0.0024631374843352206,0.002598402351635798,0.0018097042419839226,0.016715248965179796,0.008589125542252418,0.00802820290819426,0.018004485537676373,0.006678443905150289,0.008399905778192362,0.00793789992840388,0.007647652236319402,0.006619105241178857,0.003325184029004191,0.003900160225088456,0.007935023005214249,0.002722502317556774,0.008513651788870646,0.007736183409720354,0.0024980165066814664,0.005943936171141928,0.001433660071688081,0.0018226807260333544,0.006802037029023466,0.003230685609525352,0.010620543769901758,0.010946110505062733,0.002561622488087778,0.0022505351190403645,0.007584762848806293,0.0067942884807422384,0.006053625185165857,0.004845408822804842,0.0051507975890139335,0.005149683583130127,0.0044233186427455,0.0038409142272847418,0.012490178025517907,0.011332476436025729,0.0037984400433238364,0.007141053435879741,0.0035991943715217188,0.0030875317859027974,0.007797530194121549,0.0026554082191232453,0.008654987363726007,0.009067073715402784,0.002504781325365002,0.005998473745540167,0.003599299555000357,0.0037177937187124143,0.006257906097727783
