,freqs,gc_R1-R2->Fp1,gctr_R1-R2->Fp1,gc_Fp1->R1-R2,gctr_Fp1->R1-R2,gc_R1-R2->Fp2,gctr_R1-R2->Fp2,gc_Fp2->R1-R2,gctr_Fp2->R1-R2,gc_R1-R2->F7,gctr_R1-R2->F7,gc_F7->R1-R2,gctr_F7->R1-R2,gc_R1-R2->F8,gctr_R1-R2->F8,gc_F8->R1-R2,gctr_F8->R1-R2,gc_R1-R2->T7,gctr_R1-R2->T7,gc_T7->R1-R2,gctr_T7->R1-R2,gc_R1-R2->P7,gctr_R1-R2->P7,gc_P7->R1-R2,gctr_P7->R1-R2,gc_R1-R2->T8,gctr_R1-R2->T8,gc_T8->R1-R2,gctr_T8->R1-R2,gc_R1-R2->P8,gctr_R1-R2->P8,gc_P8->R1-R2,gctr_P8->R1-R2,gc_R1-R2->O1,gctr_R1-R2->O1,gc_O1->R1-R2,gctr_O1->R1-R2,gc_R1-R2->O2,gctr_R1-R2->O2,gc_O2->R1-R2,gctr_O2->R1-R2,gc_R2-R3->Fp1,gctr_R2-R3->Fp1,gc_Fp1->R2-R3,gctr_Fp1->R2-R3,gc_R2-R3->Fp2,gctr_R2-R3->Fp2,gc_Fp2->R2-R3,gctr_Fp2->R2-R3,gc_R2-R3->F7,gctr_R2-R3->F7,gc_F7->R2-R3,gctr_F7->R2-R3,gc_R2-R3->F8,gctr_R2-R3->F8,gc_F8->R2-R3,gctr_F8->R2-R3,gc_R2-R3->T7,gctr_R2-R3->T7,gc_T7->R2-R3,gctr_T7->R2-R3,gc_R2-R3->P7,gctr_R2-R3->P7,gc_P7->R2-R3,gctr_P7->R2-R3,gc_R2-R3->T8,gctr_R2-R3->T8,gc_T8->R2-R3,gctr_T8->R2-R3,gc_R2-R3->P8,gctr_R2-R3->P8,gc_P8->R2-R3,gctr_P8->R2-R3,gc_R2-R3->O1,gctr_R2-R3->O1,gc_O1->R2-R3,gctr_O1->R2-R3,gc_R2-R3->O2,gctr_R2-R3->O2,gc_O2->R2-R3,gctr_O2->R2-R3,gc_R3-R4->Fp1,gctr_R3-R4->Fp1,gc_Fp1->R3-R4,gctr_Fp1->R3-R4,gc_R3-R4->Fp2,gctr_R3-R4->Fp2,gc_Fp2->R3-R4,gctr_Fp2->R3-R4,gc_R3-R4->F7,gctr_R3-R4->F7,gc_F7->R3-R4,gctr_F7->R3-R4,gc_R3-R4->F8,gctr_R3-R4->F8,gc_F8->R3-R4,gctr_F8->R3-R4,gc_R3-R4->T7,gctr_R3-R4->T7,gc_T7->R3-R4,gctr_T7->R3-R4,gc_R3-R4->P7,gctr_R3-R4->P7,gc_P7->R3-R4,gctr_P7->R3-R4,gc_R3-R4->T8,gctr_R3-R4->T8,gc_T8->R3-R4,gctr_T8->R3-R4,gc_R3-R4->P8,gctr_R3-R4->P8,gc_P8->R3-R4,gctr_P8->R3-R4,gc_R3-R4->O1,gctr_R3-R4->O1,gc_O1->R3-R4,gctr_O1->R3-R4,gc_R3-R4->O2,gctr_R3-R4->O2,gc_O2->R3-R4,gctr_O2->R3-R4
0,8.0,0.022851829290016213,0.011948800008372017,0.025785118389099894,0.02709360184640843,0.021740537482693157,0.020008690804372266,0.037269743091250265,0.02433715668774994,0.01678290005139047,0.008741434403193438,0.02502704079913798,0.015394757097375589,0.022802495543292167,0.022796366220339336,0.03574936831299809,0.023666852181545295,0.018576499033247984,0.012203953769770237,0.020613928992409568,0.020127665292602615,0.025420429095816387,0.009668660644616267,0.015856470286151846,0.020400872004336178,0.06211498521673135,0.036065237086903325,0.03348201755665627,0.07244813753971399,0.04554830263803211,0.038964458773313025,0.025159218955651853,0.05865742130197873,0.018853912436387787,0.01183093664718271,0.004769437102328311,0.020326747806161904,0.01633431845810591,0.02868133056298987,0.01782498643146866,0.03092675175172772,0.03496425635115088,0.03774959991497653,0.05179324424907463,0.036076595117731355,0.03188331007074012,0.07768879603254888,0.0883064335721457,0.04236641467620572,0.03143332737730873,0.03234626634720641,0.05127785499237518,0.02702858095280334,0.031797818334985094,0.09062413142706091,0.09350228210727707,0.03592387787438796,0.03235233922004852,0.027442693361839333,0.027035136100959534,0.024387832474308625,0.013277484152910546,0.01349200647970079,0.005579862615184084,0.018751045852075522,0.04053324915162619,0.10196840377073002,0.11271873188513268,0.03822421997637519,0.038311258119396285,0.060954365618096064,0.056940360462731834,0.04734787543171137,0.01855863271423388,0.01957319531747288,0.007714228695367353,0.03374775679631696,0.03675800183380886,0.027782111291824663,0.018058775228848845,0.04555021628544296,0.021326166445282978,0.0181840991469862,0.014282492143262715,0.026028617476575987,0.01720739243426621,0.04189204003108386,0.049391016771466664,0.02410810068892886,0.03454992433423598,0.019629424844529807,0.020535277700746236,0.036788916778297674,0.017163762806141847,0.03085457199766637,0.03363854348783235,0.01836647759948562,0.06927814861401771,0.023988792851015718,0.023788720603963753,0.05551595520515562,0.031534582453395646,0.031337232066665166,0.02827279331872745,0.035811904916225504,0.00672195510421858,0.008730098633733974,0.018573099568190088,0.00958782503245601,0.007829436613913998,0.05219124024766231,0.05426020108061138,0.01569217364633957,0.01899289394400796,0.03626688844763919,0.024215217890263575,0.02538435546944413,0.00929974181366262,0.07678380933429381,0.04496601215614646,0.02042919869210067
1,9.0,0.02071135680935754,0.02085037340401712,0.02731637074767832,0.019215482384646522,0.029630032274123863,0.02291890305595743,0.020686781099016116,0.02218397816553974,0.015134952046964401,0.016713169222170164,0.03223681312268027,0.013691666742138864,0.03261808342482055,0.036020744954024055,0.03467690957144498,0.024565852809641343,0.01654562271731308,0.030278351658436974,0.03895959034392575,0.014381154240283679,0.01576050576862187,0.022482344342861182,0.036370752864223733,0.021025444194621202,0.02445876617399918,0.06233815954272472,0.05784578786248033,0.018540457261442357,0.017050236074130965,0.049130986776663124,0.03777487943824838,0.01873816242561759,0.018640121602958006,0.022277365359611424,0.019139140976768942,0.026524057562811267,0.011638891064357892,0.03364211145961775,0.024132765717045857,0.025447155113343455,0.024571296784056784,0.0484825763881787,0.042538755055149834,0.0156018981954972,0.031676902954903594,0.07302462668428618,0.05788932995783469,0.028619222981181025,0.018940420952451832,0.03405319917088221,0.03563733493042705,0.007611213778405812,0.03208028550656437,0.08153946659988662,0.06641642239946251,0.02771596978994495,0.021259523103910282,0.04670588009136693,0.04082620507537697,0.011148132005197908,0.01923897764607858,0.024553309706507775,0.021752401964891987,0.024243081119823272,0.04322676985959788,0.10002933982168756,0.07939785226395699,0.03219436789260186,0.047666606353499216,0.05700495236984153,0.039505525112267036,0.04228905318702374,0.028213601464842242,0.035747446967702955,0.022582736834942097,0.037060608817248666,0.03816183692817319,0.03407823108229309,0.02417047594833548,0.03866549083787944,0.014715462520019429,0.015629161601946606,0.019859575608697354,0.019972865639109473,0.01515798289994379,0.015301993291674166,0.02383851913604431,0.019751927392881896,0.014828763846399085,0.02378700777527456,0.023685433945002644,0.02302867296511977,0.023175088400056155,0.01850877020464452,0.021075698117570596,0.025616623642586232,0.027598156474315516,0.01998937099921605,0.03182924576889832,0.02605342633876333,0.011088703222483787,0.02508467523203848,0.034108388854756554,0.01573175562346165,0.023455936044808112,0.02944678390568356,0.029712485954588884,0.030432878493117953,0.023047988081175676,0.04925728121956041,0.04561655083050979,0.033312009036924904,0.008065043858768916,0.03283398279600149,0.04023727389658731,0.01776979756847652,0.02671353089257451,0.03836596358993276,0.040561591799443165,0.040782294508932185
2,10.0,0.012379050522432777,0.022973191040440356,0.01741138662223136,0.007782053894666063,0.014713107857071606,0.01823602343500923,0.015681970709704986,0.010649322683349283,0.01043921357559654,0.02125189243534109,0.022380756963642768,0.007034378400758356,0.01841074162666274,0.030782207512999094,0.031033604937577765,0.013275766696584413,0.010945615480859771,0.03498535523043742,0.02617656940874724,0.0036980618424323096,0.014574215755538944,0.02438705666462724,0.03258322893876979,0.012861488910640873,0.008169558459454862,0.04814192779864683,0.03667550459798434,0.003757581792746123,0.01006553925125786,0.03829598047999028,0.029635519274855682,0.011800697903324674,0.017149035166031012,0.030097309801973893,0.030323931228411993,0.021537162516542453,0.017173626104178653,0.030965908923395347,0.02691652321188016,0.03773448279651106,0.017225913406953453,0.03458250051961329,0.02761711990101503,0.0157433199681023,0.025648562897879403,0.03486701422427814,0.036676513372106714,0.023925686683830348,0.01294329796005229,0.025176420016574497,0.02005973499555296,0.009489585019014868,0.019030411202766828,0.0476104781529962,0.04897630078940622,0.016200234238890943,0.012421587424687885,0.04753031524922875,0.03353916386383062,0.008616583000031142,0.028330677697303484,0.04699543283479102,0.03730680294448376,0.031024622326227557,0.02705549498767539,0.06316039947423775,0.05841994037052274,0.023839201467968963,0.03135693686311356,0.03471773156092297,0.03444717843106915,0.03155157122482137,0.033093633592935136,0.05168442255858565,0.045708916438721305,0.045187010082883464,0.03370565001937535,0.029683053882762777,0.03624181654443959,0.04282399797706873,0.01658886031562119,0.013294947673734469,0.021643066986033688,0.016075504455749724,0.011143144191138533,0.01096599578152464,0.021310340077708646,0.013348249286053715,0.009858446262854415,0.030415141165055105,0.0302546708609583,0.011663296503871124,0.012957818165827462,0.024599572695263562,0.031578701067826384,0.015306622316207098,0.016040335419231156,0.023405026897553683,0.024775315226296613,0.011868074557661146,0.012296107652793608,0.024903228316103566,0.028097322934324608,0.022806367341080148,0.036550366015745794,0.03674341328689153,0.041858814540427856,0.04363480523396816,0.04580920081658633,0.04058957182885976,0.039786294554526334,0.05304671227457121,0.01974918696791903,0.020549078968139865,0.02851476792605041,0.041510803854754384,0.04734325445188148,0.021540270865861542,0.02451083146791717,0.06335597885970615
3,11.0,0.014021807463844738,0.013214655805501251,0.014311043431757042,0.015013384332723234,0.00931198995298459,0.02050635456085459,0.025757185415052675,0.007696099824814695,0.017515239294232286,0.013363371981762384,0.013491532341689094,0.017772456632071255,0.011421345583946163,0.03023732400292971,0.034279812523239174,0.007447716650118253,0.019176282792903974,0.022815929465952678,0.01872985495835806,0.01302179640930774,0.013304226644372363,0.020105722015180304,0.02783459712596965,0.013466889457334475,0.009508827851087887,0.041904768806626434,0.04094576705835351,0.00876509136089183,0.011815245532199014,0.03667027759422368,0.042136245804503855,0.018529727964639163,0.012212130651037257,0.031164975575529042,0.03988641206919823,0.016959130421599865,0.011263139143769507,0.04081569214327061,0.04963174926527927,0.03701103321937325,0.008190960425654481,0.01706710284232784,0.014572901075741385,0.012450600321025717,0.012220840338734006,0.020716846428064883,0.02374125483218208,0.011722364499412663,0.011741481713050917,0.01002640607735259,0.009187739686353068,0.014416068352408473,0.011637745631684026,0.03457875254942451,0.04213323501349606,0.009818733495939114,0.009460265458606898,0.021959920922048327,0.02049589979133657,0.011213602182119331,0.020406331926200495,0.03282415348326921,0.03744990557302259,0.026785996046525894,0.016215656538606283,0.03576715332594702,0.04486287172064181,0.01684643898412048,0.015848738918258932,0.016026310116608045,0.029323486179363555,0.026442789353591678,0.027021023216065743,0.03923052093830677,0.049442281924120125,0.04189725445854862,0.02133940968767547,0.019417754129927543,0.043008593875246956,0.050039802249524,0.008956717846655238,0.01168743803779435,0.01220470309016548,0.013748257173131152,0.010045772276136945,0.012899230411696294,0.013138902940647058,0.01196355865150096,0.004960872442452313,0.024733818926094386,0.023889568300017316,0.006783503930686408,0.010478090200943058,0.017968546517559504,0.02080369223161114,0.013158555692310614,0.007190303077999971,0.021057647197425665,0.01955426678693186,0.005270353113710513,0.006782449751463559,0.01620559068093641,0.022398907914882926,0.015424273908451625,0.02295079189156084,0.034161342353358035,0.029652352729284105,0.026358307205313736,0.024082595073427627,0.03348470636035046,0.030352423934002105,0.02871594052399189,0.014548231167205472,0.010707217521388656,0.017388062879846445,0.03186672707583824,0.026275217509403603,0.01658340819976445,0.015924741190386272,0.03860229658200538
4,12.0,0.02251817667179523,0.01400978782066602,0.023586615073956808,0.02869104857772129,0.016445082812558808,0.022416904795145597,0.027416090060796705,0.012731813738759002,0.027900348680586974,0.013944883141987673,0.02303372073679739,0.039450810379041454,0.013286235789404799,0.034270698615291195,0.03152248590174409,0.006141720952056317,0.024705731619392424,0.026623941705991427,0.02871350226717908,0.02103198809781759,0.009106993377091043,0.030586383466297207,0.032110875544533714,0.017714258960762664,0.012878730289952501,0.04666375010911565,0.04759487339798696,0.010592768646490924,0.0185655440981769,0.03973569452541596,0.05905848848205508,0.03347681587080729,0.010370583744149542,0.04628920788738,0.05165397720042222,0.020540124733179253,0.01542135574008654,0.04692050926007383,0.08818174065889792,0.053933285161183876,0.013637146414433232,0.01197539811569186,0.014444778968327654,0.024502859132473985,0.016005603200731144,0.014705831409904845,0.01699857744787252,0.016828405305466275,0.021854245574842678,0.005700564261839958,0.009290188941204747,0.031281813919297005,0.018668543448394814,0.023184885632279162,0.024070632412070837,0.015993198389034548,0.014913938276787064,0.013742384931099139,0.014793551214169299,0.017225756058049057,0.020857260800732292,0.026862533258817933,0.036552531206207564,0.03341561890338838,0.020147842354221977,0.020824498429227845,0.029600561598955723,0.024902053002470836,0.016584168528427055,0.0113412933616587,0.027411839399719896,0.0373733875511725,0.020384042182837448,0.03478727140096609,0.04587199418308359,0.03663754276219677,0.015936616186578333,0.016699733977206678,0.05424187648261949,0.05482749987763853,0.004595984745807158,0.010145698376557988,0.010504365865003251,0.01207057028752061,0.008119990789086984,0.0081121030904022,0.00801837020647227,0.014534240778514373,0.009854311736322074,0.021283274648693153,0.023312076109468904,0.011723558038191584,0.006183955731910373,0.008707512801774443,0.008983743221843098,0.008465237666650438,0.012094737739878524,0.01602828148199791,0.019511771377514718,0.0110652198260631,0.009131570775944908,0.012316628733740486,0.023844564964392134,0.02010343932505876,0.010672834455326807,0.02328571519955176,0.022840739146990786,0.012029129741895161,0.009873817262291595,0.01840913618312996,0.03159891696790851,0.020505705682093377,0.010224377684112796,0.009389287812726365,0.023967950818268947,0.02766951459266238,0.013578386342528148,0.011847140216973173,0.020306704657804174,0.03016692723401846
5,13.0,0.02366471991489618,0.014778809066836374,0.023301909308973023,0.031086668404611117,0.018498676188212927,0.016644539832239503,0.017652334943748117,0.01581602048833446,0.02720527626145568,0.017236908954946985,0.025268235308227104,0.03500220528939622,0.01534600524926688,0.026381964505758047,0.021458085003776974,0.008157440882938261,0.016552784593229574,0.024091722990737453,0.026288245389772414,0.013913623545323616,0.004677387497323338,0.028116538684196966,0.0238428602053375,0.01335233012203858,0.015752476624721366,0.032222125257796816,0.02743196009940476,0.013048812786519193,0.017792576111247627,0.03012563092207543,0.0392629595765797,0.035256960577717676,0.009285029525364053,0.042664255170090114,0.04509467070376658,0.01990951415654223,0.014354519971288938,0.03996651996038025,0.07071896227952976,0.04387043659363954,0.02008093674144291,0.00917409134791356,0.013748707890103162,0.031722383291248234,0.019232422321629628,0.00924820439183378,0.010426544495390998,0.021194653521343552,0.0338481959403019,0.005805194853455475,0.0128479759331114,0.04075983250701469,0.028486999087080987,0.013840539033807886,0.011093165783870517,0.026316515946315632,0.021572019362539406,0.013917222775138072,0.012897343161374409,0.018543709581606293,0.020997809122375345,0.021049165689596094,0.029251769228223878,0.030683693749298156,0.025118491629086036,0.018439754306782418,0.01883794927449216,0.033364121101028134,0.019239605495093313,0.014506429493540907,0.01976346857609528,0.031092226838460846,0.013534921157600622,0.024858565829421763,0.03365869067392282,0.02202621400618554,0.015257865211670208,0.019012254255046202,0.043558067132997993,0.03303551705385388,0.0032110112120378176,0.013110930155383472,0.014118541829519415,0.009762242639956042,0.00796067872652273,0.009359015470609222,0.010388181300296395,0.012255559805535655,0.013424172822091407,0.019375424565877354,0.019429891812207244,0.0155918646983352,0.0057436533623146605,0.011503453554242071,0.012504996486098463,0.007815421761715412,0.012650874241953148,0.016027562475012046,0.018373096020965818,0.014408590392598342,0.011547901958584817,0.01159115128501611,0.018122883365398933,0.02596752502835713,0.007089899625010077,0.017805335763520704,0.02157371599574276,0.008783930312627319,0.005883294104245351,0.015231747097131886,0.03134360417855362,0.015043716398876939,0.008812214165295984,0.011744659300772042,0.023341878822252228,0.028119943811448424,0.005869865761160042,0.01625142257338865,0.028388549176151655,0.022030363246700803
6,14.0,0.021388342492085145,0.014274807329105955,0.017903363111192762,0.02492668628106287,0.016535872367949622,0.008638747528056712,0.009088274513626971,0.01660460963308452,0.023470891924775826,0.019027581459427977,0.01909680894652155,0.0255260438287074,0.0114112807620117,0.01523834162212907,0.012852341700259728,0.007964962073521775,0.00902808235497261,0.01629484098164724,0.016943033619134695,0.0071672661960732855,0.004174779788444738,0.016033248617605265,0.014104322057320217,0.012110117397962483,0.014242024970567257,0.01892009374290282,0.01358806062601019,0.011420442955437694,0.01579530930359141,0.021827675850451554,0.02293113368678732,0.028314145120015864,0.009095751686751896,0.023227882052286476,0.023624503964732212,0.020124796120484234,0.016813613059926524,0.031211629394553596,0.04035201611343311,0.03542589422411595,0.0262779500507051,0.012685678285383518,0.015862284313391938,0.029088123434125635,0.02312175371594307,0.007094752096804058,0.007309236699270372,0.02359367218064179,0.03189077168962555,0.010561600889437273,0.017421369023745824,0.03397033573357575,0.03077389300829623,0.008261689699565977,0.006392936015348028,0.02899721512651965,0.021845475846413366,0.015189443758860933,0.011573140880307874,0.014051063134502328,0.023595073056772265,0.016094535089499828,0.02008152748851586,0.02804977806600988,0.025795749018428894,0.016151054536097574,0.013842438350924625,0.03295306242568898,0.021043884267147917,0.0163614928063879,0.015498891122549452,0.02325418988568657,0.013396816030826385,0.01744002783343319,0.021496266721754153,0.018731671975896803,0.01900703573698124,0.0230023459771175,0.0333932961559853,0.021956946383478025,0.002497768372672482,0.012889410822812409,0.01488734475646325,0.007356784531300065,0.007311661440547823,0.011594825356022654,0.012547173700767189,0.009662539333975673,0.013074560710176542,0.016468508810703497,0.015578881483813234,0.013335121140046624,0.006489792044802556,0.01574456613302786,0.016209530267570216,0.00911695078412933,0.007233574217826088,0.01857452727041462,0.016796120687661897,0.008680966442703664,0.013861094995401401,0.01210833017368742,0.012229132360324257,0.02069800663295638,0.008007249669694261,0.015698799234703388,0.016234841892988072,0.00994150210009721,0.005261953308738044,0.015581684836609355,0.01918317693095304,0.010886985067480736,0.009105629832257022,0.014886769619199925,0.016858488041658147,0.019024483390828094,0.006401101624767591,0.019410389107876826,0.01811892317041952,0.016800483086435492
7,15.0,0.020431408966086907,0.01693016225992281,0.01973502445982973,0.023067815596186137,0.01667375194542302,0.010112045927523638,0.012163507266212292,0.01825173998372733,0.018823404438686707,0.018769889251783668,0.016539806102245792,0.02088025059181291,0.012242754807160593,0.010769367435446497,0.011440943628063138,0.010586588733436032,0.006996081421738865,0.01222972456168776,0.012447042460563296,0.007131162677674751,0.004351842267737993,0.009507551321797791,0.010942064982783961,0.01628611437763041,0.012354656826980915,0.008859106454970345,0.006694660359225679,0.011344569468702303,0.01165053660041906,0.015028535482203153,0.01641512810698984,0.01882949461886412,0.007954525759041075,0.009820923413918336,0.011717863978567777,0.023669919692798656,0.016302059967974004,0.020627750894761477,0.022469218126954616,0.02678715259458784,0.022431758640728817,0.014969528835464273,0.015653479866609386,0.020134793108054792,0.015310242256486362,0.010326610016689131,0.009334911767390253,0.0157768657624743,0.024957082762632154,0.013311075495258961,0.016784764319883294,0.023602850205718794,0.019986936857394964,0.007729804773380522,0.007285636426264119,0.01845466483968039,0.015891589187302914,0.012644438022156378,0.010481951445451188,0.010232680954892714,0.0205068473585186,0.011792849609278733,0.014273508082324327,0.021375947378206205,0.02119133279591523,0.010385806166283373,0.009026956696934008,0.024947042970644873,0.01813958164677132,0.014128500197409011,0.011336197857487917,0.01667529977250979,0.013182999828593722,0.015343727636971494,0.017809458390107124,0.013878872595495296,0.01947052659548021,0.025247385732387783,0.026160118047382497,0.015652880971222062,0.005439224211528426,0.013274959921088226,0.014124809659091398,0.010590866841511826,0.0062270293280271005,0.012467246959102595,0.01073226918205208,0.008386592303850193,0.015074021131243853,0.012255379473017313,0.011174748168664905,0.016195530536778337,0.007713333640766961,0.016285705983751342,0.016002763649224504,0.010920126821001474,0.005984189936166473,0.015543607259402136,0.013611783444089554,0.006606448618519068,0.011070567808049247,0.009660525798272345,0.005822914683232483,0.013083826446509761,0.007073133314250413,0.01148828853612045,0.01167856155194329,0.009430211885642591,0.005311348328041987,0.014493628830916806,0.011745821225090936,0.00825893287483126,0.007310873344673041,0.012900788593250922,0.007109988054720162,0.010116008989432856,0.007338071173561644,0.019661436097986495,0.009195994341387603,0.012721334773894455
8,16.0,0.02057495615505971,0.01640646000612591,0.018387611682574346,0.022586586815866384,0.015211738774758742,0.012699462166125386,0.014497333436025883,0.01915409765150642,0.014109970456085108,0.01699352616762937,0.014261473724073426,0.017465152175747532,0.013830555432525671,0.012275103949364308,0.01273923991151733,0.014303134081541203,0.00859045929074469,0.007992152610883351,0.007977133428387618,0.010648047152280782,0.006563586778188579,0.008376928198783417,0.006801755140541843,0.017398879568525417,0.012618305655228567,0.008874970975111297,0.008957117745150355,0.011861825127763837,0.008184130209097163,0.014303046610868364,0.015955304731281927,0.009731013278224055,0.008748049487549281,0.006404884916435804,0.006597297932575685,0.021676108391135075,0.018371367339646127,0.01604156874189755,0.016990024330875996,0.022771838936783695,0.017804025799537014,0.0152631246841473,0.015028465587578666,0.01887333342227464,0.014747162224112742,0.013627638354407168,0.012226051783892444,0.017121031986762604,0.0178803402371976,0.010905672951206213,0.012904035296162419,0.018865533730343033,0.015739757865332393,0.009807822350216355,0.009792450035487121,0.014869064545364097,0.00983283869737761,0.01010638063066267,0.009275712903165357,0.00863085089012614,0.015014843072571438,0.009137062154385233,0.01111073767186781,0.015118370591639518,0.019319583346678115,0.008236144141208258,0.008006860340719157,0.022723699271966068,0.014366559653448263,0.011635802254470206,0.00953802750942998,0.014411435029082043,0.013989221822608044,0.01720710462968782,0.019235223037792792,0.011181513998937475,0.018213999171296534,0.024459961716218715,0.02401777298919896,0.01413328126429505,0.01087595406315316,0.012786782877724789,0.012615165886740698,0.014676909398734495,0.006828346059543832,0.009691752904817007,0.007501082550047044,0.009327634685522668,0.01714663295845682,0.010596711641458968,0.00947242196533864,0.019698218286621483,0.00829045083203681,0.013321769236439707,0.012191732247121934,0.010114674260822909,0.004243993833669179,0.010331462405714831,0.010069040147969588,0.004191979065632978,0.008447881487829535,0.007550417269079901,0.00505764561447819,0.009392848195619053,0.007884416465705613,0.010045020160022488,0.01047793290458543,0.0072939070821639975,0.008119608099260489,0.012487154320454863,0.009017549547509418,0.008976704883497177,0.006540158740763502,0.01035019588403543,0.005051832441959903,0.009558946584724027,0.010969755027336704,0.01729312755878709,0.007490469437198754,0.012859624918880996
9,17.0,0.017471399101263073,0.014553144115781435,0.015437708086837887,0.018189416986190567,0.010005143222484492,0.019305320288120244,0.01876785407563162,0.01356515285152966,0.009097529681623228,0.013206026721604758,0.010547937589123535,0.013119056400907426,0.008650384712123583,0.01570493534579285,0.014984399221913946,0.011772493270314755,0.00766632958251634,0.004559461710410062,0.004683832652490593,0.009470130383502352,0.009246423288367112,0.00677646688821767,0.004554116023250998,0.016559353097448336,0.0107384747025705,0.008193102117627405,0.010219959987303184,0.010843402881808828,0.006114720134146268,0.010720927189857576,0.011343094689446786,0.005625087355279135,0.009157203695642125,0.006488644041007063,0.005754316686413574,0.01785890825135823,0.019782471210771035,0.011035391064352496,0.012737848038592148,0.020586447575076505,0.015407071410873385,0.015973191398686026,0.014382641534674435,0.01766517495648188,0.013395081133681685,0.014368275205612947,0.011336300200370885,0.01697170491398623,0.017656306395401344,0.0105843640181142,0.014641121358625497,0.018802273348961052,0.013170902091438563,0.007944931124203691,0.009321956670710563,0.013857487575268834,0.009016349508163301,0.011603652801144193,0.01261051682432992,0.010020378450616364,0.010927032211352383,0.010683217629459563,0.014778134800386766,0.011062970739735788,0.016136721702199708,0.006903505319388614,0.007203734066317224,0.019963331057957133,0.009709956642848284,0.01017359093868464,0.009858861641485816,0.010059632476595226,0.013285130245407117,0.019785032485284404,0.023464483439976647,0.009460447622122814,0.013917878106710902,0.020724127788169254,0.022634477713653213,0.010229747563641922,0.012141854122696572,0.009317825123788736,0.009026627581057767,0.013915893149845005,0.006618747563817351,0.006310851273293139,0.005193407742871159,0.009029351677497032,0.014498065544640327,0.009371502336353643,0.008533363968368235,0.016108712153717165,0.008232666794874176,0.009449055632070723,0.00876100817074743,0.008815398472286518,0.004340444852649483,0.006016715058372313,0.0069028010718653835,0.0037270522136047647,0.008685127935326876,0.0063011459822732265,0.007013110197237183,0.008801764635615683,0.007132991475804573,0.008865917264365208,0.009779457719809415,0.004342949753907988,0.007617569951833758,0.009317598586532938,0.009248931084199085,0.006046827291558543,0.010007528802383092,0.01126824255493375,0.008768937669214693,0.012428156407402469,0.01301710568804495,0.015364320885572625,0.010713092918923906,0.011563302223225946
10,18.0,0.013008360904147764,0.012310266766362331,0.01251962759046279,0.01394317297634302,0.007269669335953921,0.02300631558937667,0.018676136421136393,0.010309808898174566,0.006058553277745205,0.009985046871115344,0.00800348113555458,0.009037520553730615,0.005427860331802492,0.017509066824364795,0.0143579959453767,0.009642119757419465,0.007010163268873271,0.002792173117631336,0.002625600066961198,0.007300698892741764,0.013982915839726218,0.005190866773213542,0.0041516097216060645,0.017947270914169165,0.01016339160709805,0.009148643556227399,0.012125240823695548,0.009878177193276372,0.006614510334949131,0.007783216479296584,0.009117542343133778,0.004973162038247381,0.010391452848428883,0.005417693710509042,0.005312990081435487,0.016306281893204756,0.02054773585447265,0.006832840381797922,0.00983882692329061,0.01897319247920848,0.014575466585790054,0.012859492874289202,0.010601139108387513,0.016232237016154016,0.014180563269911062,0.010776402782870065,0.007424729615400594,0.018013540131106252,0.01909210058995754,0.009064726225400221,0.015520831207421537,0.019711921494583607,0.013324624995753709,0.00526430305581016,0.006156206957513177,0.01772585732630887,0.011069380920589822,0.010960736695897566,0.012705963127276476,0.01329310328441693,0.010068125469243228,0.01433450418714557,0.02056491999703809,0.008765962125893622,0.014529255083507308,0.005897864442101763,0.005145800415773038,0.017292539938378582,0.0065524733976793925,0.009234002522946838,0.009051555216177575,0.005998020536112136,0.012302614831304482,0.020384128235765787,0.02688575880533861,0.008771312491611383,0.008286078858781565,0.01538104891822556,0.018826013310217604,0.00531043065261585,0.012314708169414957,0.006597647843016574,0.0068506296703660045,0.012066049380756283,0.009671057682959372,0.00440375854965751,0.004560165803987104,0.011666140747595932,0.011497876374378536,0.009501701945185204,0.008542914194726591,0.01254053738785572,0.007262841575372647,0.0073850793897669575,0.007260575245603462,0.006988976959438986,0.005641403855036487,0.00537499626111142,0.005193783411337449,0.0037543439893902076,0.006742435438716399,0.00852522094275301,0.009451675492834256,0.007080829548070255,0.00615114243940198,0.007183362228617085,0.00820140881682363,0.003920975905685964,0.006787887397887715,0.007963434294195082,0.009401582470061242,0.0042637662865892875,0.012976936592378507,0.011958243684424729,0.010913398139076946,0.013114448849756854,0.01513742282391064,0.015225653964488828,0.013030921700778464,0.009429879818316066
11,19.0,0.008503821846288418,0.010086457724672471,0.010284102943950301,0.010027927761251476,0.003192473451040456,0.022856638519915862,0.018267839387851835,0.005379682343914993,0.006322224291811551,0.007441928013859211,0.006445567823860188,0.007918172910959953,0.001576531766391298,0.017548217725056502,0.013819149915084239,0.003819733917970325,0.007201507182681155,0.0024248289884546636,0.002103814942166338,0.005761994886644572,0.017085016173362534,0.005044776570271381,0.005307114611945707,0.018334966946395782,0.007189108786892717,0.01025138991931982,0.012079855410746632,0.005673524161815635,0.005895473807609619,0.004023320523659635,0.005599833315016412,0.004938570478218196,0.010107959652738429,0.005285377708918304,0.006099124284065738,0.013807210849517304,0.01757202119991703,0.0040845614843554754,0.006922963378570302,0.015710284904908178,0.012772030907503762,0.010417397742985201,0.00882876318671677,0.012916136134502664,0.012734754724781538,0.007923706995096324,0.0067375887629602,0.015337447424444406,0.017596821322036504,0.008354015308252371,0.014817997922975223,0.016167355460726895,0.01003023933078353,0.006975653012062821,0.006267168824940228,0.015840571061156793,0.011950639780604178,0.00893559302157101,0.00870848985834911,0.012662443206655638,0.008917819907157565,0.015851701665939542,0.019370794562426852,0.006847070765455499,0.011048204198417722,0.006506687580343851,0.0056937264062256075,0.012053696675096148,0.00455930772780846,0.00736136932548277,0.007288123989973627,0.003306805476807284,0.00910545065691366,0.020304192335336778,0.024847581583197352,0.007678658627619228,0.0040151539100740765,0.012993676393271158,0.015575165902965437,0.0024919678694502066,0.009535055375803837,0.0066186517228736365,0.0067680657210189565,0.008473714885562344,0.012280507738675084,0.004880394152688439,0.004885839780072843,0.012171966391797896,0.00883291465851741,0.00797905403468846,0.007480766363368474,0.010137612996312129,0.006417388444784677,0.008742906853367316,0.00868451736196647,0.005530816079308209,0.006164592867924057,0.005677870434868027,0.003928675478006483,0.0045160013157989455,0.007331606323741369,0.00927161283596476,0.0092622328708444,0.00824775925275958,0.006194085483573275,0.006307014505131292,0.008154042952062924,0.005821519345570181,0.004911993298986772,0.006938242875620659,0.00897450458107798,0.0029051701146734386,0.014966808687542254,0.01173655210544453,0.010722035039699308,0.012444040405745937,0.010359926413823928,0.014223227647622138,0.01351333413970579,0.00545827581172631
12,20.0,0.008450637270195216,0.008100759229255771,0.008362625177601756,0.009659786309344299,0.003327708807734098,0.020115941341772015,0.017624324706887507,0.0053115504665548485,0.007955249950051525,0.0068992041110988115,0.006102381403736956,0.008258686964880723,0.001357671108614511,0.015508687087068295,0.013794700786282732,0.0030066294054435618,0.008208051568382757,0.0022329351388634677,0.0018621795797976403,0.006191846721654315,0.019467795012089794,0.006007014345761519,0.00561018696835589,0.01847571758462365,0.0054079444692639814,0.010956741206953068,0.011024763701121997,0.0037372204378023355,0.004037375318108616,0.0029749647227440335,0.003984431657854515,0.0042006690692694805,0.010560907202262371,0.004602942402837584,0.005088981124487191,0.012342628570193881,0.014063923240994569,0.003694680778653492,0.00493867162728634,0.012213650974681656,0.010816861742434725,0.009095557305777647,0.008013795852598093,0.010838819194181327,0.012606895817178554,0.006746899023482911,0.007252555791976078,0.01325458672151072,0.014430282985465226,0.007442152169213756,0.01162946124669446,0.013149075844922465,0.009071019994323137,0.009381233158081415,0.007742161473731102,0.01192126864607843,0.01193700139071865,0.0061173765544182855,0.0044599043969412834,0.010645660419334745,0.00882101200727874,0.012762022956020757,0.013386013967077304,0.007266500859795855,0.009669431939516216,0.00845330503039321,0.006786736938208549,0.009051007669653189,0.005361153750749281,0.006677306602396982,0.006408767548428074,0.0038259656725209367,0.007487661263602519,0.020077400633028476,0.020918500608021872,0.007947166515145909,0.004814671840915707,0.014336041855084147,0.014644608580966435,0.0036259748355831787,0.008519996330293367,0.008456440724266656,0.008272206572270591,0.006897652069302751,0.01671979264140404,0.005604395578617982,0.005320256357902764,0.014538836491180263,0.00988865329111448,0.008064937933943384,0.007976023529538879,0.010483467898596643,0.006626729930746933,0.009625116557502622,0.009767102462777899,0.0058320243899459,0.005677724533102691,0.005427175298841291,0.002580877942542514,0.004469769708499172,0.007228970862166761,0.008790361900160804,0.008674620094946305,0.007886813038058448,0.006798909912910034,0.007395233992966155,0.008949238125990178,0.007524400737536752,0.003841383176892066,0.006861710422126066,0.007755438823783578,0.003358771585300957,0.015116293160074434,0.009672970326478491,0.009418186574202991,0.011217069302765736,0.007536064749047,0.013211344292430737,0.01273838064816175,0.004872533823981229
13,21.0,0.008272604710861487,0.00570814654406675,0.006571504558769448,0.009069170071123267,0.0035489598243607645,0.01617843102476968,0.015774181674056108,0.005482373615254943,0.008190370381840496,0.006275919585644374,0.006361012285160683,0.007892816583480311,0.0017282908023709353,0.011716576769364906,0.012027552641486495,0.0033671646164194157,0.007482905787176719,0.0017686477189748473,0.0015714884320217949,0.006103457997753736,0.016126958655468114,0.007084003936847693,0.006142441547532229,0.015473903189396055,0.0034636099189739866,0.009582585154355172,0.008820014656466669,0.0025926933762988823,0.0027368874249447117,0.0023160568735562494,0.002826561564922514,0.0035901919561119656,0.008252807620326763,0.004454492079499062,0.004414820880731441,0.009857111492361525,0.009816735046783265,0.004184190520035713,0.004024257779932583,0.00871824719661447,0.007420223877219456,0.009421569558853093,0.008405143342405098,0.0072235594379456815,0.008944204073092266,0.008353075451861258,0.009380695505605986,0.008707647859846901,0.010839683859099836,0.008105964813227473,0.010080565692112487,0.009067535584584618,0.0060449243802843,0.011086471220040296,0.009976225418110829,0.0071188500463719604,0.009308635106268781,0.004258152055230368,0.0028057460738828864,0.008378408953603155,0.008878132343411949,0.008902193885059261,0.008732724215703059,0.0077699861220771995,0.0078115752512189825,0.009240999465513511,0.007291044078579034,0.006753601948696541,0.006233211709069764,0.006427491683736264,0.005634664897148411,0.00432493847598181,0.008032687921333803,0.017753778111860186,0.017271376366607426,0.008638388728343927,0.007368290366373742,0.016026242589599348,0.014920119430450995,0.00580465230216447,0.0068615198778672944,0.010920404054847666,0.010173962165122674,0.005917766744392594,0.01602322809142649,0.006841661192186876,0.006266903001696989,0.013064589145045602,0.011113370375976216,0.00899142537358628,0.008643063821858022,0.011497324848409107,0.005652834988620015,0.010163657849673057,0.010239540193008878,0.005192739312973771,0.004908779845532507,0.004625501319787872,0.0019826607382938733,0.004327040196049836,0.008684692027622986,0.007378413481855262,0.00790337902344831,0.008843075359854425,0.00741762305017275,0.010281208863332125,0.011044687604328373,0.008624695520360603,0.0035342174736506136,0.008141069252271649,0.007597729618935034,0.004199162109853205,0.013940763127559564,0.008295839370088487,0.008044655800168244,0.010614107667149852,0.006577360666606325,0.01149044948040796,0.010713480292400135,0.005875861414357075
14,22.0,0.009439067122872302,0.004628926751056639,0.005993097853178852,0.0102652418840961,0.0058910099819520665,0.013122180931070204,0.014316882183042879,0.0077586626741656065,0.009185071685197953,0.005821627436483112,0.00658831650073779,0.00904245593119768,0.0038998689054523085,0.00971814708839105,0.010926316817896265,0.00596313144914049,0.005546711170440232,0.0018302241956916986,0.0018344774119974261,0.005250761862966869,0.013386859059784229,0.007617726747669451,0.00564101563946835,0.012788656685225419,0.003797345866011881,0.007256230262223795,0.006306602770300174,0.0034123637972577115,0.003381802761424524,0.00230051146350192,0.0028998273213069583,0.003612218936653733,0.00645656949419191,0.004492910851500653,0.0034405579491391335,0.007843305049537008,0.0073580378322681385,0.004655133803993294,0.0037434038144439795,0.006209540625585675,0.005292340864325951,0.008654623103103632,0.007731744891911774,0.0047545231198398595,0.006156203954848394,0.008786775959649874,0.009919815864967063,0.005772899032218959,0.00965540559673741,0.009061740008696261,0.009535280852758631,0.007734269998955057,0.005087970949396237,0.01116019523150058,0.01116385753156024,0.006072687524241616,0.00671442247970262,0.0034577485939166763,0.002629661110189119,0.006989848209951788,0.010381710353637174,0.006227006455512196,0.005996046534703226,0.009664195966546885,0.007658022043997903,0.007945760885008469,0.0069826880755520905,0.007071556286634717,0.006843557117534971,0.0058838094256309145,0.0049029533951078005,0.004850088471025771,0.009807228564879011,0.01454929270963703,0.013978744388438713,0.00994428543715813,0.010051001421062012,0.01589794273499976,0.014601725894979722,0.007937784267355141,0.00614626669798426,0.011173784453849579,0.01022620553990663,0.005426180117295587,0.015938803026070047,0.007248686571871587,0.006561693919403666,0.013262350824820857,0.014175019615657192,0.008369829559098462,0.008181211181299376,0.014208218221204305,0.0068997834518881975,0.00966205095963275,0.009464032273854884,0.0067198025043381905,0.0049574606585970574,0.004435152940312293,0.0022748386349675798,0.004306852536677041,0.00976622810201988,0.00760258362567825,0.008587724059196944,0.009549234653494665,0.008772622215418125,0.011443915330224996,0.012092270881996114,0.0104136554788667,0.00550974173936396,0.00877519078371094,0.006693605756464649,0.006247974427033398,0.01285153192432702,0.008251513620491835,0.008036082192386829,0.010143915281593507,0.010440473783815917,0.010273024433981703,0.008477672985498685,0.008954102329892067
15,23.0,0.008616649367147034,0.004280820540571995,0.005769582920478911,0.00919779724432388,0.006315589685166145,0.009458800015294599,0.010426448976268432,0.007823397373047668,0.00886547727524487,0.0057397315670677075,0.0065526640096130965,0.008459294190743094,0.004288927701720268,0.007570540635618528,0.00838712036347502,0.006552732179171272,0.004369527979009291,0.002337600869903156,0.002511839547347705,0.004707887427444745,0.010852267353048718,0.007069586934974836,0.005727816075165748,0.010579855893783473,0.004766411602460607,0.0051808278423656874,0.004020303804882275,0.005197587940060089,0.004758367479205816,0.00236633214546913,0.003052369026693924,0.0052197728393608145,0.004943743863886851,0.004906599220605301,0.0033118010155760657,0.0058825506069965176,0.0052843382664875095,0.005224374634965301,0.003855320294910314,0.004816894520880055,0.004595095729874288,0.007949257641400465,0.007156689320517273,0.0038628362309069074,0.0037572881273121085,0.011458487767503555,0.012610246261026248,0.0035786557007831733,0.009947461607674058,0.009575355753617742,0.009457345205471058,0.008002790496311007,0.004052954694135735,0.011381048671969296,0.012675794508635364,0.005721717807966797,0.004846019092115484,0.0029080534887086173,0.0027092597001278306,0.005306323359857856,0.011022656520595576,0.005426070692092111,0.005059197893130829,0.011041302083759775,0.006546657243105614,0.006488513309754751,0.006761203181987696,0.006601016535126547,0.006144521707616946,0.004144949791185582,0.003841210685661167,0.00479406143107397,0.010926984381938353,0.011519762287773716,0.010780467671401794,0.010286799052965279,0.010836697407560792,0.012771196461755351,0.012356281969915983,0.008973556240957237,0.005928380329032734,0.011143960321512481,0.009818155758020452,0.005254233384850693,0.012328132957232184,0.007758096581513741,0.007048297299927242,0.010646361874131571,0.015768870946307346,0.007738443013757035,0.007260298344967708,0.01540134374949247,0.005989079194201707,0.009410837124206494,0.009123891902370928,0.006300781723235361,0.005202286069895479,0.004018533884286057,0.0025453568050643584,0.003999164974771929,0.010399198570345191,0.0077640245009810375,0.008662536609178772,0.011041400920749567,0.008692300848775147,0.011630562922824338,0.012380387032784768,0.010672173979645549,0.0069912315974320904,0.009104677068992827,0.006299929273153993,0.007486813926207247,0.011581633082521848,0.008632284728857798,0.007893296792897787,0.009800466312036349,0.013438968437306187,0.009419549491336453,0.006442391884316834,0.011137913448796156
16,24.0,0.009484779650463081,0.0037806395425128867,0.0046413809526043796,0.009758086693015856,0.007671254901818969,0.007549214636831891,0.007942927412016586,0.00893845015876451,0.009472433257651148,0.005620230592227671,0.005605596798592671,0.00875340608704107,0.004942728233157112,0.00778205744631606,0.00806637601561917,0.007131329846851742,0.004501892980611899,0.00278735374538428,0.0030074003291524322,0.0048078924329225,0.010468975219640696,0.006720856186120017,0.006680792095744436,0.01008234208181662,0.00612100478479789,0.004112270291552989,0.0034059730738434267,0.007119326915303504,0.0057287989725928416,0.003063177619033297,0.004044312490719193,0.006902757292808559,0.004737749924262147,0.005200465507154917,0.0030677016588050777,0.005147606639268077,0.00424058588183982,0.006583545624729936,0.004351920711884815,0.004291735584207146,0.004292259494464901,0.008080177923127962,0.007345381547450102,0.004126551505370913,0.004148451590497615,0.01362438058606088,0.01480344758089842,0.0041285913212334435,0.010231839757782524,0.010439166319518023,0.00999650732012256,0.008977298503786101,0.005134894865778961,0.010782651931658904,0.012837410898168145,0.006715610180479814,0.0036151847292160257,0.0029132492068121964,0.003272365286541401,0.0038070655971523593,0.01135543909318244,0.006037026112151978,0.005426184225184016,0.011964817941070294,0.006302126007667397,0.00543059776938506,0.006860356749408681,0.006654183736509367,0.0051815305600349856,0.002758971491933693,0.002955126750956083,0.004696616703508738,0.011717532402751373,0.009164622544334833,0.008371841752731512,0.01121663095858807,0.010840726287858616,0.009219355526875006,0.009300690821422819,0.009245963994684558,0.007366472511187538,0.010408094527701906,0.00882031873919047,0.006234184423229294,0.010014615457633625,0.00803568759472668,0.007470769726533178,0.00920464359980926,0.018933324163605648,0.00749483716210122,0.006696319613666191,0.017983796081968963,0.0060708332909470645,0.009121351848647662,0.0088186982902279,0.00685511190606789,0.007001559419826009,0.0031859451971705255,0.0020932039887895824,0.004858872795592361,0.010694438923859195,0.007865012207573584,0.008153966112199384,0.0123749456848671,0.009540980537717302,0.011284988582025335,0.011491363988973546,0.01113376527456964,0.009299558134379281,0.00865513813863572,0.005398731103066723,0.009508827742082105,0.010985283211540775,0.009427651167327866,0.00790701724653715,0.010089071972085861,0.017035977217072684,0.009041757631315761,0.005011933467353913,0.01340564254750234
17,25.0,0.00832330387027369,0.003544362050102734,0.003961553197931522,0.008515586486275595,0.007310473512243476,0.00600296802359992,0.005805794377467777,0.00821890910166161,0.00827325167517472,0.0054900306883212124,0.00507813698494104,0.007253303032877767,0.004481700764006291,0.007925467769489814,0.007736634345651083,0.005982037054076272,0.005542752937913775,0.0028407484395032156,0.003092249920993595,0.005116686700349505,0.010144597158807755,0.005965624616646181,0.007388549043318449,0.009563202579349195,0.006695416014574107,0.0032454119071928743,0.0030759999915972005,0.007751954959135077,0.006191464797608149,0.0037244894964942434,0.004625638828569123,0.008806804175750216,0.005392632937359565,0.005230445793694116,0.0026423583368355708,0.005804406261593442,0.0034429080230815147,0.007795414399009104,0.0047576717220692896,0.004607752848230717,0.004850096462482157,0.0082343220148843,0.007164057151208425,0.004998054478404868,0.004354441903434747,0.01602070620381184,0.01689214652492197,0.004485348579648019,0.010684061485830653,0.011007691796396556,0.010337322636734569,0.009817874336354037,0.005631263902786543,0.01092088507956106,0.01294339585965858,0.006831988252559995,0.004082495549491938,0.0032192620533145087,0.003968774181807788,0.0034123317158432087,0.011653983368401555,0.006529448692499074,0.005999490376844818,0.012078625511573193,0.005005497597945663,0.005049844451297502,0.0072985170677554835,0.005413572729162297,0.004192649637794687,0.001697019231416874,0.002280181983395124,0.004548854839530492,0.011290167175829424,0.00732571323568294,0.006592661129696609,0.011152671555533544,0.009597614138043298,0.0057649087074601365,0.006219262651058699,0.008401808059968374,0.008184766657898024,0.010483819990817267,0.008530425193819014,0.006680881949435502,0.006945111622538036,0.008122347921808881,0.007814358067487603,0.006852906195816644,0.019585750008034353,0.008524357321488197,0.007211986428019656,0.01801465574394854,0.004831576072999155,0.00860706388936876,0.008435943530243151,0.0059154035640588635,0.008299310248790447,0.002779214529383722,0.0019197214232875126,0.005705242789287723,0.009401437922691259,0.007568507163116323,0.007168789736642367,0.011473183656874397,0.00903371650857423,0.010919116177828415,0.009981357366586252,0.009763252603389816,0.010088206423336743,0.008128869753030444,0.004893497793710821,0.010108630611483704,0.010636671925845321,0.010029154928206196,0.0072035277823779605,0.0102655368453064,0.017036318846418652,0.009078640340761269,0.004580030332081009,0.013359379336327493
18,26.0,0.00830261462921129,0.0030090993944305922,0.0031181579341151176,0.008681997297358635,0.007391231932647457,0.005198623295092375,0.004920035469285012,0.00806791535049669,0.0078050455767098015,0.00460545292378498,0.003993766501678664,0.0065753442350050765,0.004216047667492973,0.008390176333055877,0.008076860607379643,0.0051660067511733136,0.0073776210732425795,0.00242596599687559,0.002735036462387086,0.006212591041163051,0.010313334079250325,0.006064518856351242,0.007379549592722867,0.00957527210236151,0.007495344748328137,0.0029028212360998396,0.003746086523921832,0.008089855262882395,0.006519065650957145,0.004843076871989638,0.005398686477409598,0.009514146606347395,0.006933553205148257,0.006209285391075525,0.002475172094107592,0.007010158130483291,0.003941620502128274,0.009487934749878945,0.005810764950800263,0.005044544454695909,0.0055341333130179745,0.007930819049939686,0.006582950065622839,0.005889623407727385,0.005692656796044559,0.015866915915667336,0.015858921179565756,0.005797072265129799,0.010454990726927349,0.010584721172192956,0.009950201515258073,0.010186275070671514,0.007693146123747141,0.010186203869254484,0.01153450909568079,0.008342388679783142,0.004984881099343141,0.004193534441999702,0.005279924078820386,0.003507928524917503,0.010216336743609843,0.0068736697635195295,0.006671558613278705,0.009752730913258744,0.00439965204240309,0.00484842055318282,0.007302835656290796,0.004693096647087458,0.0034505048611478627,0.001298065929341874,0.0019285173510773745,0.0042431753053996605,0.010796441419905989,0.006186513457473097,0.005515965770766229,0.010418790470795613,0.008922154863756759,0.00355999304253416,0.003904542259623156,0.007566422387586158,0.009445347346481014,0.010065528580603455,0.007828925416927035,0.007215645647386993,0.005984801098941972,0.008190129182966643,0.008199642284652952,0.006025970068071729,0.020372520605187107,0.00885054731364221,0.0073502789858032715,0.017694862613120678,0.004399181967433208,0.008444575569812684,0.008228960940859054,0.005513552838984736,0.0091848689179578,0.003219530700535245,0.002147293060816935,0.006555133183346129,0.008771127228419573,0.00724670798213225,0.006558139710469391,0.01010267256158386,0.009126396128585412,0.01042410985595268,0.008206578078033289,0.0090373076684088,0.011405048271719665,0.007302462851422576,0.004456630994867794,0.01122379715090105,0.011700369425869184,0.010252861147641568,0.006390148999576439,0.010667165251084753,0.016896112859641477,0.009097522592944074,0.004355145831048901,0.013521681248366235
19,27.0,0.007759389258288252,0.003488686939444108,0.0034609390320987643,0.008025484468627298,0.006504407130844214,0.003988803020956766,0.003705289322812888,0.0065933560582777774,0.0069706685859628695,0.004011657463984619,0.0035076019838435,0.005645736161613258,0.004444590301226015,0.007319207283895679,0.006940989342498938,0.004461023846283041,0.008618622896214845,0.0023094701232913907,0.0027443912020714833,0.007177615757542099,0.009874626657668983,0.006436020846528123,0.007274958054989611,0.009817840158075342,0.008024044900364657,0.002232479166980994,0.0035659585395258373,0.008143363400282055,0.007775776646514032,0.005489883771304704,0.005334838649862661,0.010716550161070159,0.008335654682075954,0.007628221558287862,0.002791212608848781,0.008018263177995522,0.004739070099620335,0.009948955181556585,0.00628674418794688,0.005518084407526658,0.005876157048345476,0.006543971495855061,0.004986891539451932,0.005919509977068316,0.005607068681802474,0.015330211735640375,0.014602822255366021,0.005999622142888938,0.009587497550760559,0.00956281329958344,0.008879973066475344,0.009641875285954882,0.008392655177904374,0.010194062125726332,0.010690836380065604,0.008822287733185163,0.006475238088302859,0.005341298625928204,0.006635533710752384,0.004245405542535963,0.009096461503518328,0.006723868540434807,0.00685613260564395,0.007743088604770065,0.0038848729844580985,0.0052016264203160745,0.00715708619799571,0.004076393307965986,0.0038290543163789436,0.001394171339116923,0.002014938567426583,0.004647252093198518,0.009707941682811593,0.005510298249750178,0.004854905710685387,0.008707667823556165,0.008083317596402396,0.002783450693375755,0.0030256078353446013,0.006569188782535917,0.008955462829740668,0.009496047220493154,0.00703428740013976,0.006693876941783828,0.005796036433087437,0.0072117652594521076,0.007323338100806609,0.0056489000571836815,0.017517032434762568,0.00883002758177014,0.007506152355519191,0.014407752268205343,0.004287845016936842,0.007703508778408974,0.00758898150252918,0.005254971688055577,0.008989754205157397,0.004733177177736536,0.003418575093613896,0.007169835719624018,0.007479950799789492,0.007039189547253954,0.0064242841745489445,0.0079564947775296,0.008948724028877563,0.009261467687330337,0.006595982668321909,0.00850053182868038,0.01163240938046357,0.006609222533633385,0.004647637120584846,0.011705744338626544,0.012308475903824955,0.00932785175260591,0.0050349001567916215,0.01028054844181341,0.014096222538461234,0.00926963583551128,0.004799388435865382,0.011901018996513102
20,28.0,0.00777806404616257,0.004047804047948489,0.0038645405170044,0.007764153496113835,0.005381257126740735,0.0031542813705712548,0.0030130848131229016,0.005226829049016146,0.006237994435352334,0.0035699914491395647,0.00287898933313997,0.005155156557620444,0.004080197936812624,0.006086040386058045,0.006001892857244684,0.0037585769544158155,0.008633846318360838,0.002811048532296212,0.003229601780389402,0.007294423243037329,0.0094749554718355,0.007423035783493503,0.007207853445630974,0.010049589658812152,0.007949654764875191,0.002363312992924449,0.004110481876678307,0.007514740122500996,0.009527826791823202,0.006432499360914079,0.005574110368798557,0.010829125153143337,0.008533080926162739,0.009594124862721997,0.003662858885891751,0.007795460664844001,0.006036368996193175,0.010682355208252402,0.00699805696834801,0.005567992304939651,0.006491352385543081,0.00501021399355821,0.0035654135249416187,0.006293668885347614,0.005828428056075552,0.013798634556680156,0.012773151506959835,0.0064429283060896125,0.008927792081443897,0.007629276148166042,0.007013272370240742,0.009416250613160315,0.009501466914692003,0.009738648788241733,0.009182984045679632,0.009630466680556537,0.0064443843071387615,0.006234390712990745,0.007649867399835841,0.004409657055897043,0.0074311121449355255,0.006281530396540091,0.006474104087629939,0.005337600519595043,0.004639772338163794,0.0057365338922600985,0.006685148939487106,0.004465067203735629,0.004363854372973463,0.001826221780211057,0.002246814439558875,0.004681662017391374,0.008543430551575425,0.0053719790714474415,0.004465930099645732,0.0070209507528645075,0.00772102976276301,0.0028958487288079484,0.0028394540843279968,0.005714305556183063,0.008368255052796768,0.00813624811197471,0.005465433399148623,0.0062897960120587015,0.006330750800635343,0.006276925176594972,0.006296052378478833,0.005809940877653475,0.013709678413571425,0.007716055298364921,0.00669947654949894,0.010792792548614472,0.004046477510569702,0.007315038085979353,0.007201572479526419,0.004701682348693481,0.008136844315464487,0.0066632404980012435,0.0050262486763529065,0.007019776447128834,0.007169960149842325,0.00727283305043116,0.006902827498127095,0.0068294273582885975,0.009317157447694058,0.008429885605764298,0.005851283803428942,0.008723072184327663,0.012459500755143437,0.006919324953281602,0.005402207487357913,0.012444608125291268,0.013194821831535818,0.007797473300297497,0.004002174748158183,0.010101634088492517,0.012532457989314594,0.00911912550663132,0.004906963165858258,0.010867312761316583
21,29.0,0.007706651351659844,0.005110525211283345,0.004811169869569909,0.0073729827827833105,0.004548625283342034,0.0028292748657470666,0.0027065715905735034,0.004179968748358931,0.005562190346203977,0.0036866740749076144,0.0027374265097435567,0.004956847922087349,0.004566451918171311,0.004546316269511408,0.004709432891184662,0.003762873243103826,0.008349390343985874,0.0037510825537218294,0.0040694042012148655,0.00737111689761818,0.008948053368190757,0.008607887109246093,0.007848683537206113,0.010341794198157572,0.00797976065542585,0.0028182145742121634,0.00419692930733504,0.007209099356236237,0.010799969568731171,0.006900681858055435,0.005369615072115863,0.01067781194790598,0.00814679536877989,0.010851643772837604,0.004867115022343427,0.007357393133946744,0.006143408785133886,0.010685085344151446,0.007067961345044438,0.005314366643994361,0.006587884618856066,0.004260126837293399,0.002963252145620032,0.006078695354533892,0.005630752848393428,0.012801462900157646,0.011938100055847656,0.006569092996709003,0.00810134195373351,0.00633802453689043,0.005613472105544304,0.008714825577774832,0.009192399147259066,0.009685556329476697,0.008346870555231334,0.009360716701684878,0.006013207887760075,0.006313241985419893,0.00770687221027373,0.004347471151631766,0.006839474574096727,0.005740047523487846,0.006090633604254947,0.004471398242954195,0.005460737094752944,0.006837715100241582,0.006762113716887086,0.005194798511750776,0.005336843556775506,0.0027265737692779624,0.003023833930242148,0.0051396328823763325,0.0068299658051294895,0.005473052793869471,0.004533602901286571,0.005575123298007867,0.0066806255012281214,0.003713059794838358,0.003495780006917215,0.004535982634223501,0.007882243775873122,0.007915162033420131,0.00475601572116986,0.0062555163302867815,0.0068334682752620775,0.004852738992607186,0.0044602814226131215,0.006104312631982367,0.009302053773318164,0.007100577931569774,0.0062861483529388805,0.007248578991451637,0.004177593413479741,0.006961911496864559,0.006432180234101992,0.0045740820168639115,0.007400464672910801,0.008089495499800137,0.006275128159364129,0.00687108974935029,0.006666875175801579,0.007857475429609906,0.007911030999656532,0.006126685102793061,0.010260400296773043,0.008079192724535033,0.0055928244946741755,0.009485082729530348,0.013301996726234222,0.008684392515923633,0.006752428873239324,0.012875943965452307,0.01252150068254707,0.006075237255874555,0.0029571943701633074,0.009143272630753785,0.010872655935578023,0.009529461566216924,0.005502227562823947,0.009138204712167664
22,30.0,0.006871463505876108,0.005327083424006673,0.004942623161441872,0.00644444483869151,0.003505824807154312,0.003117653277553245,0.002937199430831328,0.0032858339542158888,0.0047222111938310714,0.003596875618166706,0.0023867709912750003,0.004586733115503705,0.004296078697102956,0.0038349450270942498,0.004027531168420495,0.003704874787701584,0.00719589809367136,0.004671288084816183,0.004869204640917957,0.006490066247548753,0.008195187409256732,0.00942861783940856,0.008323695174486546,0.009944546590081416,0.007285657480230867,0.0033613913634624737,0.004332635535237728,0.006226845910280332,0.01121059488297078,0.007090044059876987,0.005246645518861471,0.00959790771677831,0.006699278317481116,0.0110188933521016,0.005840551778581471,0.005872607870612967,0.006659775308317961,0.010632913213945017,0.006950904303781158,0.005296872764190397,0.006529810589932339,0.003969479782642083,0.003005124058927322,0.006080018196516335,0.005305992013364147,0.011194400394965952,0.01074869578948423,0.006388034737773296,0.007936897664552588,0.005048844371386707,0.00441137811123653,0.008753090276425724,0.00863237474396641,0.008524764831442155,0.006958681391813571,0.008822731094375058,0.005322496638127205,0.005868415686777695,0.007331232525781673,0.004445555557115455,0.006073040469938462,0.004675066602679578,0.005219923582697561,0.0038128997667421062,0.006566177353607827,0.007430536107326446,0.006659386602275674,0.006242420433636653,0.005903699506919935,0.003869199601462725,0.003926705460453661,0.005352682633552064,0.005518733314821134,0.004937041806489617,0.0043587619122099856,0.004937508379249778,0.005652845079317359,0.00442088939478964,0.004054540663463513,0.0035365218504992413,0.007756784149213302,0.007775644004459537,0.004473569227229035,0.006334015349106892,0.006765748688526685,0.004202260397386226,0.003463888071674859,0.006047549525559503,0.006137354847093235,0.006321441069469103,0.005654478093627091,0.004739878035408651,0.0038640293948617455,0.007482917882865081,0.00620316657666038,0.004147864537294765,0.0066791445437949905,0.008878665483378257,0.007055756557060988,0.0062592398192251155,0.006373683916416439,0.008678852170407226,0.00911015981483274,0.005806909486306466,0.0113410559696284,0.008088633239857045,0.005582105234512369,0.010103824526128591,0.014604521540604053,0.010708581858538225,0.007521825243794212,0.012971479427395849,0.011235760945653085,0.004940517002948041,0.0025452557324186385,0.008326178214771574,0.011029493413834501,0.009847364393162649,0.005742882557476037,0.008339264881795571
23,31.0,0.0063416009598498135,0.005277038169830916,0.0049318554914023595,0.005969482705204143,0.0034051849135224186,0.0036104196257873864,0.0033272038106602507,0.003158912976977746,0.004381027825536421,0.003445767453803228,0.0023518686305010307,0.004620714306977902,0.005047286322286482,0.0035725946523569975,0.0034856388890283085,0.004321823377808442,0.0066797290946183805,0.0052914789573002,0.005504199498832208,0.006438409695012836,0.007368967044188679,0.00963932899982467,0.008968418489337182,0.009578509440657256,0.007232065059825743,0.003991351063065451,0.004332141833609171,0.00614829650954789,0.010233548710917261,0.0072084250702637576,0.0052054354775805224,0.008229792405411019,0.00578972996515077,0.0101727063675078,0.006788429235064797,0.005075735610293464,0.006635268128840721,0.010445116276756039,0.006810552498545519,0.005220719257027185,0.005962904879802266,0.004015140957942265,0.0033525948886385494,0.0057249806155653,0.004839518773098917,0.009171112269052628,0.009147808955989944,0.006235824970866588,0.007339727970803267,0.004503906555914483,0.003996419626663794,0.00827496435983548,0.007703091793746353,0.006960871904868782,0.005824862420733013,0.008208413570075379,0.0048022741969028,0.005102746608182685,0.006683459627763,0.004559892258550491,0.005344106029361484,0.004073876212464,0.004823428853685386,0.003598793710453663,0.007172684587580136,0.007969872904220665,0.007071146325960597,0.007026552464420632,0.006211301894321508,0.005068384865455045,0.005083529819466292,0.005621278708857602,0.004684201473325799,0.004567250953165569,0.004726865217423182,0.004850578782526327,0.004249884625654232,0.005320731224134079,0.005019435469011313,0.002594855593206802,0.007952930031576244,0.008493600294947612,0.0055633602560014594,0.007027252016142427,0.006300187254260692,0.0038610910629387264,0.002869160636658563,0.005818556618846315,0.004259292648782065,0.005972671030557564,0.005515924656249638,0.0035336719870215916,0.0036010222416493322,0.007997722610659253,0.006254782230271161,0.003927628932883209,0.005973488961478779,0.008412214959473373,0.006998812540557964,0.005599257375499889,0.005729467907372765,0.009448970072376994,0.010354179729289825,0.005650335848437038,0.011899444980878115,0.008100482067599302,0.005787320320195022,0.010387555338042632,0.014436606419261722,0.012864787517064968,0.008619438976356263,0.011910790222445655,0.009116546899639389,0.004408519827995861,0.0021894841753578474,0.006881066099615652,0.0106752165812388,0.009885446099440998,0.006061137651536796,0.007181827164479415
24,32.0,0.005212938756250907,0.00465451968669015,0.00433117910764409,0.004987561369457438,0.003102987960892989,0.004059282400157826,0.0037757906076990367,0.0029462062938883093,0.003976979761568344,0.002989079932932981,0.002245632911400719,0.004424119244229275,0.005265308410132263,0.003728031763962747,0.0034540007983984823,0.004850783822997329,0.005602386321132968,0.0055205640462205,0.0058182340209370405,0.005850287606237003,0.006515125025117641,0.009141309829691835,0.00908779460811573,0.00870570318328916,0.006883335768323206,0.004241162668055409,0.004176828036738555,0.005766567646036691,0.009312393599647351,0.006989004684851352,0.005073603062945864,0.007070301461973827,0.004583371465339781,0.008519530305434841,0.007228632610792119,0.00394253313990447,0.007616731260220888,0.009937827001373023,0.006559178642390862,0.005646739605875695,0.005049765986862553,0.004131950218816627,0.003893922527746696,0.005156487931600395,0.003992733694613548,0.006968837345969092,0.007214004137593833,0.00546498098946131,0.007084164725587527,0.004046937249162852,0.00385261570889881,0.008344373335312127,0.006445782145767964,0.004879486353028284,0.004369523462767688,0.007105530614370537,0.004473427183067003,0.0044404223189687285,0.006172136387051807,0.005184725010522584,0.004113151876995147,0.0037035687702918095,0.004507783967287793,0.0031269739123139574,0.007918896846798163,0.007721791355891128,0.007142405257522455,0.007845282229608586,0.006497498155871284,0.006006657414695837,0.00597530756608009,0.005945062601261953,0.004611940280891957,0.00392727874082226,0.004696146409586532,0.005395419498783127,0.003367726668041371,0.005825931073930946,0.0056437502285241695,0.0021200180349218558,0.007271960381465448,0.008397420679855116,0.006737498668211117,0.006946115356223715,0.005554337322728031,0.0038960572488051072,0.0031964122366382242,0.005338227024830644,0.003352286560214424,0.005367986165310867,0.0052370958310824275,0.00304210845256776,0.003090177049644183,0.007819999803935218,0.006483303638470517,0.0035204038424119233,0.0056082049549488035,0.007323032705515686,0.006664739525276531,0.005333747433869007,0.004933435440539568,0.009890069235856913,0.011122591080882671,0.005271558061694037,0.011444709435309619,0.007216951593979104,0.00536356154270976,0.00990667404276735,0.013694608779209005,0.013353077492641318,0.00872861062629724,0.010697994687096469,0.007341800746625183,0.0042859576020049415,0.002256808635963381,0.0058214655588237465,0.010317657118680757,0.009066833736411439,0.006006719895201939,0.006361798087390724
25,33.0,0.004755777335405753,0.004190651239608911,0.003986908659329202,0.004664757543891796,0.00352413712687607,0.004057773079271243,0.003852050913276628,0.003208710902966061,0.003995330160459077,0.0028034998570888093,0.0025950537605979205,0.004502679899442796,0.0063215848145063095,0.0036141990096815848,0.0033511268236019022,0.005783426700750738,0.005418503920812156,0.005648803080744358,0.0060750820005978316,0.006215307242773349,0.005981113017507056,0.008122168750586667,0.008937520509051921,0.008029104491323125,0.0069843958615088296,0.004600419542272504,0.0041424510073575505,0.005922540679486587,0.0077861628601048945,0.007086620695084633,0.005300311203380659,0.005853767791114706,0.004022881565850156,0.006893374055488266,0.007635973236627081,0.00351715006439548,0.0075342155286620026,0.009549008142091964,0.006699224406210647,0.005435682295815525,0.004391872554024445,0.004016960113918344,0.004046701378468498,0.004785602378336052,0.0033226548221300333,0.004789902144420921,0.004986706858769452,0.00492117413438038,0.00673905085366755,0.003895496772161522,0.0038671028761385175,0.008306620644885498,0.005288322471109552,0.0032872494037192723,0.003294322434152974,0.0062555806808383355,0.003935358260078204,0.0038924649409274536,0.0056357361041690975,0.005222133210082802,0.0028879280570876633,0.004052682874222313,0.004800370513432739,0.002564778771068177,0.007884084796317836,0.007440681649958947,0.0073880266997022655,0.008020149286620893,0.006469130280283508,0.006351687377986082,0.006436313658907266,0.006005480997610846,0.004786862449164176,0.003843578785602375,0.0049331912058718785,0.0059298036297825265,0.0027267282523482095,0.005980838970005209,0.006080036668077327,0.0019174429779837965,0.006746964791699383,0.008293378903276504,0.007876889383502571,0.007030570100163658,0.004804947456226216,0.004028768642108815,0.003820881990780833,0.00470890132633599,0.003020336583956862,0.0050020844294635936,0.005046535178284728,0.0029581220334833347,0.002588637163938046,0.007254034299551649,0.006904496033396867,0.002959619940593683,0.005073722143929871,0.00596801063169039,0.006060209368502001,0.004943305721072022,0.004427319840761612,0.009984137895908417,0.011625865010334736,0.005262596325660951,0.010255219168341512,0.006605228242488437,0.0053150825578043735,0.009055507614500868,0.011438421609489779,0.013519956946623779,0.009130213842335876,0.008726030334754853,0.005977910972679012,0.004590683070562563,0.002433118723228489,0.0048040403166965005,0.008444405985068215,0.008056192691172725,0.005870628554573898,0.004981260782957975
26,34.0,0.004025121421490497,0.0036337460204251214,0.003504052184753448,0.004014650246789131,0.003321730097029274,0.004073471218158176,0.004047003433680629,0.002945262036628549,0.003964274196817286,0.002694650965896983,0.002859630336156016,0.004373638572435112,0.006454969610524585,0.003725769942404611,0.0037202937611802156,0.005940694135235703,0.004753799245596468,0.005629558913842203,0.006210136315765169,0.005847567581803048,0.00556953067823116,0.006835646635452974,0.008176130908429969,0.007093833141539108,0.006952511900015423,0.0049365393696504615,0.004207424522140712,0.005749179254062398,0.007088856977944857,0.006777810483563229,0.005322397576607329,0.005349247200516771,0.0030869174008088863,0.0053433313320645935,0.007533863430319343,0.0027212905261741584,0.007997415679189856,0.008690074698807847,0.006584024410398825,0.005593444734163455,0.003927005349085988,0.004041430384516787,0.004304238887371525,0.004515238349156903,0.0026021095875385925,0.0032986686252215237,0.0035399390317500945,0.003980832265833812,0.006793719836017687,0.003991661996168716,0.004078421263469778,0.008696792937190879,0.0039050500235568108,0.002088472053159052,0.0025750628157922505,0.004899374326340933,0.0035010010004782543,0.003506590349321925,0.005117930977095142,0.00521649612973647,0.0020598547024206935,0.004808750725192113,0.005339085121043752,0.00210695668698051,0.00815057706963671,0.00697386456737803,0.007418378362706335,0.008281693329008277,0.006666547391081678,0.006431229430785379,0.006429575532045107,0.006266760387720183,0.005310635451495927,0.0038188282722984466,0.004699791900284111,0.006488178125411537,0.002778799163466061,0.005721686366479873,0.006022074315371384,0.002087224480637673,0.005607925774478417,0.007807254360316307,0.008688635162784664,0.006157871687281613,0.004274800728990158,0.004636269692378648,0.005043176818228546,0.00418621485225259,0.003025607672274333,0.004631607258369285,0.004803583911009923,0.002992368484222396,0.0022658607041414315,0.0064490401803752205,0.007131925278289231,0.0024688674158618086,0.005238431503475738,0.004913777250698104,0.005433081383034022,0.005293380591285058,0.004083487406329312,0.009468690393935475,0.011243353282737446,0.0051101906930789195,0.008915031924605188,0.005572740123152187,0.00456885829865925,0.007909243495083018,0.009380657285891658,0.012412143542272247,0.00860330457272127,0.007305167407461255,0.0053780291598926055,0.004889983433537281,0.0027377186242716787,0.004427035543601221,0.006592558184889441,0.007003639425136754,0.0054506606246363274,0.003906692782295096
27,35.0,0.003992214295895735,0.003465668703175595,0.003437145150978438,0.003992205698362739,0.003632562856039101,0.0036466766662591964,0.0037569226807235624,0.003113418915430799,0.0040567982245669045,0.0030148706904604694,0.003340458524211698,0.004250658429253917,0.0073300753765444425,0.003284455817626508,0.0035505390033222285,0.006459718080690635,0.004799542905588794,0.00569063340341387,0.006291525937304953,0.005918655004028039,0.0051877347537114815,0.0054974789460800364,0.007110798403510188,0.0061950535444076135,0.006890524751774052,0.005567879465382219,0.004371403149403363,0.005639681838638921,0.0060288559482515325,0.006797156266010518,0.005604220267025539,0.004640401962951302,0.0024995231110743533,0.004287618936040616,0.007229442791142304,0.002288298137735012,0.007207330663113964,0.00797556814411351,0.006660144253064715,0.004971029541536609,0.00404596350103219,0.0037833789324515977,0.004053293331254082,0.0046868161204145055,0.002397639283055497,0.0023456888849992196,0.002672909953677305,0.0036294496484984506,0.006956638855174902,0.004060752736183559,0.004065702004240279,0.009034514677048123,0.0031059502696635377,0.0018077406136022488,0.0026966987942984135,0.004256503641351372,0.0028582886001814246,0.0032422325246230345,0.004531885316900031,0.0043735704686113765,0.0016438883613844268,0.0056004065983195515,0.005900586767165095,0.001801498739188645,0.007707025578826432,0.006772656821843981,0.0074570556994117965,0.00782292731904235,0.006541946440831481,0.005934019021169234,0.005909863868001253,0.006258881157713603,0.0055549966294208275,0.003917922011427777,0.004425117292237957,0.006462349866617245,0.0030641515864346046,0.005134661601613999,0.0055960772417527945,0.0024032784252156604,0.0050029694846301705,0.007286442938951154,0.00880352600213996,0.005663044342091439,0.0037831271295097222,0.0051039332134678265,0.005786329196349982,0.0036522325360238026,0.0029342469376146597,0.004397605962929418,0.00463221578154247,0.0028822481703819846,0.002058634297157624,0.00584807357143049,0.007194674578666849,0.001967949749617048,0.005139707861766851,0.0042241319896106685,0.004884728109853853,0.00534223911542,0.004397719693619706,0.008734265332066827,0.010574406745450914,0.005578284529438093,0.007949717270161472,0.00528631684834977,0.004417401888198213,0.007095370227422393,0.007170724083886882,0.011500954838867728,0.008249935716922608,0.005756178618239715,0.005390279308059576,0.005315023964294596,0.0029401465620487953,0.004375439279489512,0.004528965466022328,0.006362059353613603,0.004968801866740336,0.002842623362914054
28,36.0,0.003924084885356649,0.003273113059773891,0.0032409511590152816,0.003897022909082182,0.003174704356398195,0.0036188877879936854,0.0038399306584615545,0.002697233698517465,0.004326418866702398,0.00319362720994647,0.003447610728942152,0.004334497190627218,0.006837591696263701,0.0032410358180932517,0.003797260931959556,0.005765792216231347,0.004435804886702499,0.00559862287796804,0.0061550529273894485,0.005321291265894956,0.00479217482717118,0.0043182804835907975,0.005806497621701823,0.005283765296935172,0.006751615535827682,0.006054633509400986,0.004496152270598941,0.005391907441169508,0.005930035020407587,0.006549825615470439,0.005659233636756511,0.00467018157237078,0.0016658503718815609,0.0033607784124100705,0.006376288375864192,0.0016213816556174265,0.007282086283704814,0.007086525725659954,0.006390454294195535,0.004952434401565143,0.00411481433291101,0.0036656628097951225,0.0040134158423533964,0.0047053110406395145,0.0022445339945804223,0.001903802162712509,0.0024137849251332,0.0030449441593304984,0.006984220010580344,0.0044100723718941024,0.004288366722229142,0.009011060856187214,0.00232007484707637,0.0017094551053496332,0.002824533165246379,0.0032782370826097917,0.002441019894066443,0.003097971509107822,0.003966433305128447,0.003791075450918413,0.0017413392899129575,0.006482064834914069,0.006424039715419383,0.0018159046262816504,0.007745217532461624,0.006610617280499298,0.007300325730215463,0.007517122991023228,0.006715687143229588,0.005405780829810425,0.00522871365188351,0.006516883472716018,0.00591377361621852,0.004084561233056405,0.004187961258502781,0.006439694788389261,0.0038866771145812606,0.004689984373355572,0.005123723782035938,0.00306644745421778,0.00415291452896085,0.007018473741855047,0.008911823189281165,0.004724250487105763,0.0034676245616815037,0.006001643792622957,0.006699763244300527,0.0033107260920715474,0.0028015096708685406,0.004303785291958207,0.004668296983701481,0.002706040687042588,0.002141068335946983,0.00538638087490142,0.006913424677551206,0.0018484473236526355,0.005458563638741509,0.0038844374739504415,0.0044567163436781245,0.005842212244525058,0.004777692193886907,0.007710359504660147,0.009323146584905118,0.005982057240701266,0.007326026487915272,0.004799890454584954,0.003880228738884739,0.006495234478220624,0.005790595776495877,0.01000145955475915,0.007313814405962659,0.004828131404403991,0.005884919300083169,0.005485447291905388,0.0029983542670329656,0.004719852662656621,0.0031149460848098444,0.0056956872719901245,0.004157135149668534,0.0020726029832466965
29,37.0,0.004499481887015833,0.0033734538995148,0.003341298272417248,0.004390708300219615,0.0033033638492270256,0.0033832786374958347,0.003537993264408357,0.0028416230012418,0.004775702773197566,0.003544493399504489,0.00371566551864575,0.0045960837932945255,0.007130281060805999,0.0027347863919423786,0.0033623900068796785,0.00576071013405226,0.004390648368612205,0.00547116059338606,0.005843396696447911,0.00494375726998868,0.004187200770695653,0.003388568984262008,0.004741043714816584,0.004263654536789119,0.00620196095717418,0.0068510175600629,0.004717000221398848,0.004991819042514578,0.0056039985466277645,0.006853527385322878,0.006117749007530193,0.0046429807993263236,0.001335234014693043,0.002749798894989652,0.005545371559351508,0.0014348216442371608,0.006616243524328524,0.006695625876444922,0.006484061933842611,0.004532532291094071,0.004238543692258645,0.0034427922141674117,0.0038225327621695727,0.004809101216537215,0.0024134797155845435,0.0021111363810035755,0.002675081764387954,0.0029839600807541446,0.006843587054922296,0.004462862040494997,0.004138169859944441,0.008626401801432593,0.0022338770454098265,0.002350435362851755,0.003452183980209611,0.003134057817671021,0.0020352620944912303,0.0030275291008386774,0.003423708122267044,0.00306885698447914,0.001875896301017832,0.006921675136607774,0.006623792795654282,0.001900509850923271,0.00691207892093999,0.006585593012518131,0.007060981254590359,0.006450818640914946,0.006569584121108818,0.004525591924697636,0.004330511048047469,0.006437612272941351,0.005693345578873732,0.004162606666754698,0.004126903696135287,0.005806890431960454,0.004572728486974142,0.004121959875394055,0.0044479732116620594,0.003629940186499425,0.0036989809696976296,0.006664446636926158,0.00844930681548206,0.004277338194476954,0.0031680882538559275,0.00614155369643683,0.006650411331214912,0.003001545737326694,0.002430147691080009,0.004074111683834758,0.004542413866732886,0.0023218999813593654,0.002415239519063306,0.00496245270602671,0.006235273967642741,0.0019148327243591722,0.005423682804966035,0.0035850840203664803,0.004060115528614716,0.005857933639168778,0.00541728273445159,0.007028295737634948,0.008300833756314319,0.006614858126675216,0.007068619325688275,0.004806925898105163,0.0038445929476374372,0.006355208547098812,0.004597205926724968,0.008610195919949604,0.006477507177279307,0.003951926512863935,0.006522405282409949,0.005693240180988823,0.0029964619429144078,0.005073039048671291,0.0021203427207950654,0.0051916482437547986,0.0034492154179439185,0.0016826994956474551
30,38.0,0.0051560932379516086,0.0033404634968213997,0.0033068393237535077,0.004997160573752523,0.00295603017129622,0.0036689030817484538,0.0037058194283162036,0.0026492781561451295,0.005662675396180106,0.003497782603553645,0.0036126052513466788,0.005424623598423039,0.006090789034748667,0.002808863997880451,0.0034032939093044945,0.004820690588032051,0.004035248718110296,0.005151642451132687,0.005301033453012138,0.004223762733385428,0.003988255836429033,0.00279193847314545,0.003961441096554807,0.0036936754654256277,0.005730086590092753,0.006973033074466173,0.004573024971717387,0.004702647365093071,0.006357463833690957,0.006865954389130735,0.006396907897286752,0.005322245580501317,0.0011728352787294227,0.0021200054304166827,0.004506903112678628,0.0013541396302883869,0.007134477799169758,0.006308230877257159,0.00647220838635647,0.004827169532821784,0.003989587227364666,0.003329573510634276,0.003830679897694722,0.004454956890244688,0.00244069506415272,0.0022542583619951984,0.002881722344513804,0.002579301763167052,0.00627747601541131,0.004633782280383514,0.004097246529942566,0.007596716841394624,0.0022514247792095434,0.0027120534225971936,0.0036201353956705875,0.0027450045996594953,0.0020094897437786586,0.002987678483284384,0.0029908844349627373,0.003072455012815567,0.002106615832443737,0.007301899108333743,0.006664691356013464,0.002029197728747789,0.006619671233220004,0.006377290200567387,0.00663490350302709,0.005746463211285402,0.006600499596707721,0.0037526944626279147,0.0035040545483347786,0.006479396092170475,0.005510611543237331,0.0043841281915959485,0.004378741462975455,0.005332162670271856,0.005400386286123648,0.0039722202312042045,0.004056370951851562,0.00425741071661534,0.0029358221805608764,0.006541239182085689,0.008265078780278401,0.003464370837424724,0.003002671653039357,0.006428380326239847,0.006829357152906823,0.0027970875846804687,0.0020377033031380165,0.003996930505251584,0.004550378689673807,0.001902481419882207,0.0027428327122017036,0.004602625914297676,0.005486329133984213,0.0022225719277692234,0.005516931143500159,0.0034910876934986846,0.003845333779096194,0.0060031592850485534,0.005969170062866169,0.0066129076152158465,0.007318336458370567,0.007040159272310831,0.006814782000055431,0.004511953100451649,0.003532238411703048,0.006148995649396483,0.004149612703538708,0.007031981218189998,0.005517529287310197,0.003634974908996469,0.00717031333809146,0.005545886666404698,0.002815586005184656,0.005544763805407626,0.0016132691927580821,0.0043780368414978454,0.0025633893206745027,0.0014211219616491633
31,39.0,0.006170873880272154,0.003485392810820542,0.00350682099523425,0.005943115295480084,0.003143825347517293,0.003817505192447612,0.0036208278772114967,0.0028776219021224847,0.006740214158810431,0.0035398826915141513,0.003722881980105797,0.006477576554033959,0.0059290065564020725,0.002625751308642066,0.002940406750143154,0.004691240679279218,0.0037908575330320104,0.00488412838160599,0.00474269386343309,0.0036640695858444873,0.0035825133384918217,0.002479806691628994,0.0037095308932279638,0.003103440335487306,0.005018696844200576,0.007477193639026325,0.0046522797226579374,0.004223730486584998,0.00702200675547573,0.007336138975447426,0.007122203248660952,0.005966169416485201,0.0014619946985391153,0.0017736695867903052,0.003823987654554628,0.0016829158442604353,0.007087743792104817,0.0064497930108984745,0.007025309707317717,0.004761666464936809,0.0038538906376452075,0.00309107626878955,0.003664541655379594,0.004233418569997127,0.0025628008717539785,0.0027098261110573675,0.003358204166093515,0.0025470107122814055,0.005583163457475138,0.004441098088046403,0.003728213938782687,0.006348296482821781,0.0027156706695727452,0.0032470967676182737,0.0039542801260068925,0.003062904999809746,0.0019971789874219325,0.003017518976832179,0.002736089815155651,0.0030133692772217557,0.0021223457322541604,0.00725074844917657,0.006549016001007146,0.00206284018727132,0.005612615889724282,0.006091845650459504,0.006199227050723977,0.004655481727553479,0.006195284050185279,0.002856171358885007,0.0026945040140866185,0.006121419072497502,0.0047815845621606455,0.004476011089207787,0.004685950073001521,0.004434287281905114,0.005634220149502767,0.0037133091470082035,0.003584033558399824,0.004450446437942191,0.0024640104648817386,0.006291304324398084,0.0078006254607004165,0.0030459697415615495,0.002775298673530102,0.005986747355751021,0.006390684354980891,0.0025796937112744444,0.001607828334100958,0.003651031299532548,0.004141976421343685,0.0014393956168888167,0.003017816507669835,0.004219508042787368,0.0047493012700662975,0.0025269904723344895,0.005384528168067249,0.0031841938785468924,0.0034670186951856865,0.005783184186794443,0.006320680104992959,0.0067331027242410356,0.006829628658105946,0.007151244251173949,0.006709497286882993,0.004414937156829524,0.0034426251446127766,0.006138798382187361,0.003787050336266873,0.005453745837937873,0.004556552654518953,0.0033749668168852054,0.0074945921361738495,0.005580968338994552,0.0028416997187775904,0.005706952742281146,0.0015690961447845098,0.0038122115615479403,0.002059674686017843,0.0015356496642958462
32,40.0,0.007207430226691969,0.003489527245511681,0.0036144524097963425,0.007069203269088576,0.0032368896914242383,0.0041956968699892625,0.003863338355607482,0.0031100721076157355,0.008229278499692327,0.0032323799296179343,0.003463243895339474,0.00816571443557521,0.005014318545831032,0.0029733231314395423,0.0030954338203997623,0.004181306263815543,0.003356000298408901,0.004562908307801905,0.0041581455836912085,0.0030251243688304897,0.0036997200801792474,0.0025232340400243914,0.003890155487192004,0.0031452419359766282,0.004644713720227145,0.006885519224907455,0.004087837467923095,0.003982965750222433,0.008540708842899392,0.007092239939922962,0.00731955363482939,0.007045664892432768,0.0017813345106716838,0.0015293272586980322,0.003217112200697869,0.001994896587074635,0.008100056762238239,0.006226559859105407,0.0072793059221403665,0.005286695737958524,0.003322251670267917,0.002945187800417415,0.003616673997888853,0.0035264938483983597,0.002458029794143357,0.002807230441220554,0.0035369986780452224,0.002158673920819609,0.004568887115969034,0.004355581221443572,0.003562448575389965,0.004839646430880151,0.00307052618778485,0.0034377804717671268,0.004012409444198539,0.0030481518853214596,0.00233977571364008,0.0029823395947225608,0.002546997543471008,0.0034562750885449136,0.0022364865854711978,0.007236106770447748,0.00652417041696225,0.002111812548814385,0.005400684805675127,0.00564858135323334,0.005721089625557596,0.004241301721669544,0.005994497322494396,0.0022307169505808135,0.0021123473657972624,0.005997255814668989,0.004298040030036532,0.0046683258664522494,0.005070846429895681,0.003922093942214389,0.005771021247808506,0.0039775479001633585,0.0035849078240964617,0.004602040445589495,0.001828024602193068,0.006177654108314811,0.007613178581878799,0.0023577618327720986,0.0026817221315724284,0.00576223798405664,0.0062409492021508585,0.0025015218266467797,0.001323839032853158,0.0035524377741317894,0.0039259440522592115,0.0010846001081041834,0.00317409317756443,0.003909210375753247,0.004256671592417405,0.0028796588083658038,0.005254573567557231,0.002957489914312106,0.00316274842070996,0.005635671324080249,0.006743191042586005,0.007031818239430265,0.00648833796974273,0.007211846153299462,0.006363899896321357,0.004108673171559473,0.003188192317437455,0.005757657432686613,0.003987612583153321,0.004162614676447162,0.0037913268129713628,0.0035515826844807917,0.007669394429854037,0.005204921568777365,0.0026914474438719084,0.005869545567853152,0.0018682875400799048,0.0032093150071830223,0.0016190964684469123,0.0016325051117455302
33,41.0,0.007893210482122015,0.0036694671015958134,0.003871694911516954,0.007864072400288791,0.003573358118739378,0.004370890097163027,0.003932904330876142,0.0034685978252753102,0.009470517552033186,0.003043487268806899,0.0033667986378581815,0.00965826476910081,0.004967536556031149,0.0030988239650987736,0.003007588806703154,0.004303634944368184,0.003041831076463097,0.004448235038776005,0.0038311960915891063,0.0025991897140379195,0.003528060099812791,0.0027567308934841606,0.00443416461659325,0.003155886236271499,0.004319296605163459,0.006822122177742074,0.003922454699010558,0.0036947724180777185,0.009526854094307424,0.0072515972210517535,0.0077135403251510585,0.007725176891372598,0.002279730564617921,0.0015736098657136211,0.0030304769160913736,0.0024864287882643056,0.008311241882894648,0.0064203296126976285,0.007949638657900238,0.005341714132276109,0.00316288455333833,0.0026489775324940014,0.003325796268644865,0.0032626186302223913,0.002425193444448581,0.003007660297836878,0.003742606152866301,0.0021055034487496016,0.003761244927152063,0.004139594541465641,0.0033310901315715567,0.003603187870881186,0.003510738771110766,0.003459520781584757,0.003925845750546131,0.003464941053620407,0.002400945778270369,0.0030251553750566982,0.0025101692084689375,0.0034347269508970156,0.0021742676434051587,0.007067543527640652,0.006626652113052245,0.002077253937773094,0.004753799753912347,0.005121477628708249,0.005199677852354511,0.003720832094678883,0.005488482369682401,0.0016189209292285511,0.0016204983307460453,0.005644497765616307,0.0035768882361381315,0.004704724512584591,0.005366262342538874,0.003264684717853328,0.005339216621852927,0.004061424106214418,0.003534092437024583,0.00444023024301714,0.0015823209201272447,0.005967556435781063,0.007207777521391989,0.002132612300739112,0.0023416029791043513,0.005345719432636287,0.005916579325516836,0.0022676240531701807,0.0010814579930197965,0.003232223476273077,0.003398651146502374,0.0008458329141760145,0.0030376713708982093,0.0037818022017233944,0.004088450498116458,0.0029280583771203795,0.004982096340392417,0.002514642063216144,0.002646911279259001,0.005275895237741679,0.006655633976887998,0.007422610481771841,0.00636169748560107,0.006700638975375028,0.006017051565726206,0.003839849707835441,0.0029854688302471287,0.00549205213751236,0.004008724477270675,0.003057973185966034,0.0029925024953122658,0.003568549068712912,0.0074274142646565625,0.005051084561019792,0.002796110976103705,0.005502589384433066,0.0023430768264951496,0.0030379712082030607,0.001580870694199632,0.0018694310367770584
34,42.0,0.008686607028690929,0.0038177652919948457,0.004058968699923326,0.008940007911143511,0.0041576331591777205,0.004576343951298867,0.004170370300627013,0.004184362582626023,0.011104666190359325,0.002710059044694191,0.003028369806018816,0.011796054857676808,0.004804458155948055,0.003652554965248811,0.003595535645446546,0.004594217269458056,0.002669103467779621,0.004324540767250795,0.0036144109329811157,0.002249427238799484,0.0036272047128775853,0.0032510104492175173,0.005185061013551717,0.0034732644167497994,0.004277869891954822,0.00565206898714834,0.0030892078931621823,0.003628787900299102,0.01079144339339706,0.006543602789191994,0.007280627495173775,0.008550062234967015,0.0026312334238539846,0.001778752239529524,0.0030215383018393992,0.002820264661717431,0.009307068825402354,0.005946919300578201,0.007921794989703556,0.005924562655795285,0.002676790081931557,0.0025620018241511388,0.003205834291055254,0.0026844238643235485,0.00224319095314911,0.0030168366575956894,0.0037598442131233866,0.0017862519842843482,0.002879191805498493,0.004162196439837373,0.0034062478031657408,0.0025299878394527296,0.0036616531758909333,0.0035438220569211864,0.003917601997017073,0.003412902247645633,0.002719908423625128,0.002941541779306078,0.002403034100936452,0.0037166724751308776,0.0023778108577687364,0.0071972748375173975,0.006955928449632154,0.002183212275222246,0.004929135690358066,0.004655461952705053,0.00472291356764174,0.003845831934859234,0.0053777920684396465,0.0013410379632787794,0.0013627356012278825,0.005646911922697484,0.0032750979596720244,0.004812230180642985,0.005659609578830072,0.003052896812952355,0.005072650339488405,0.004637620409858556,0.003963294645427595,0.004462324426249609,0.0013763060236890111,0.005853092800008142,0.006960337030440656,0.0018321905147402617,0.002197947311773163,0.005010338428985506,0.0056616504437933205,0.002202688982966805,0.001064499535613095,0.0031977374664684532,0.003203047634108458,0.0008177243994047956,0.003048999178781031,0.0035939763700348236,0.003951630528106165,0.0031035574488619488,0.004719576606900233,0.002098832876454537,0.002138894355074683,0.005031049466308701,0.006916849681187642,0.007667296275736391,0.006284822373865495,0.006586433934414515,0.00544482359142151,0.0035314808974675318,0.002797033962613682,0.004902675824791913,0.004311147542937021,0.0024730578458957097,0.002571816167942842,0.0038311110073649957,0.007228113305394146,0.0045386301476916914,0.0028042076860849362,0.005249963240999733,0.0029472743619734843,0.003031123491988552,0.0017354812828273224,0.0020360320804890366
35,43.0,0.008592419082550151,0.004064117004620016,0.004253603476729495,0.009036394717126939,0.004600159306032481,0.004673388085075203,0.004274292746701036,0.004620812982815891,0.011964430025893336,0.002515129870849364,0.0028292327359579874,0.013046661132020887,0.005243864869321868,0.004010855951657533,0.003930077824472989,0.005156988088481284,0.0024730235538051202,0.004451883761696962,0.003686668395342707,0.00209055092930015,0.0034533238466408988,0.0037651297455091994,0.005887373967222942,0.003662149338286724,0.004275195367029738,0.005229989729907914,0.0028156521158003043,0.0036006997089799595,0.011211432879857597,0.006426856919906498,0.007091833957285587,0.008754170108929316,0.0031435788076834116,0.002160550184451893,0.0032974698767972654,0.0032997219391731392,0.009381377160536174,0.005911397267693274,0.00817316705032951,0.006000543725768637,0.002698093251507316,0.002430819305600096,0.002917021149988841,0.0026930403296930193,0.0021781507814012,0.0031224192203339386,0.003780591837769265,0.0017964300342868,0.0024934061393302896,0.004251581799146464,0.0034818223667308244,0.001993604406457905,0.0037903214868606483,0.0034354023317533233,0.003630151469196363,0.0036299385003069062,0.0026271849108503885,0.0029545061081535096,0.002418587724132948,0.0034556285790188213,0.0024016902700147113,0.007347804536948388,0.007357876724060475,0.002227547921546602,0.004658952091502755,0.004134898912865737,0.004165394991112947,0.0037617482013466486,0.005094106850162916,0.001050092208446074,0.0011419564480014798,0.005460120976585614,0.0028658245244081114,0.004810514220788775,0.0058715798969942055,0.0027563306593052063,0.0046456760881540046,0.004882763474181218,0.004235693188818601,0.004432295798086727,0.00153348255391208,0.005572190324559046,0.006434444769216441,0.0020165012720553934,0.001841732709254984,0.004703734519618053,0.005433988923194732,0.0019357672235308598,0.0010661120758541642,0.0030176269587798288,0.002871546565898342,0.0009118274029084716,0.002841949304595204,0.003589185429721908,0.004066753534372225,0.0029672388341062117,0.004333036567123827,0.0016012492664820854,0.0015773543588963434,0.0046110314976914426,0.006601991518469674,0.00779389892482314,0.006281049169908926,0.005967850468236691,0.004985311364004019,0.0032273436648779354,0.0025793308932307467,0.004551014753915439,0.004150908533166131,0.0020770482713245997,0.0021484143292049398,0.0036524388837143817,0.00675637691556048,0.004137602566937915,0.0028734468393317057,0.004601005297405436,0.003311939898368621,0.003182505253972323,0.0020407908943980146,0.002112161856608452
36,44.0,0.009145529101243,0.004384915554866353,0.004442577377553647,0.009901043737998804,0.005611131268222635,0.004879821975563914,0.004544514414336476,0.0056943842491598675,0.013749198120808614,0.002386643715891523,0.0025515596203298683,0.015371938166585154,0.0060879736402398524,0.004815160278817387,0.004895087723358671,0.006386376510570812,0.0023762651476047837,0.004679899151500422,0.003969477144930522,0.00211146164703635,0.003275126841156606,0.004453484921331352,0.006630688708479937,0.0037300351789021136,0.00442294168719215,0.0040140404573989485,0.002044499641176145,0.003710101621007311,0.01197024384861436,0.0056528606630351416,0.0063679593735038505,0.00926133534109752,0.003716267307975585,0.0027511406100231284,0.003755717883810661,0.0038255435564579442,0.010286928437100329,0.0051955735201673296,0.007698127512752251,0.006730609871944182,0.0025674358411691854,0.00264172960107274,0.0028854252050535935,0.00254101149691337,0.002137827792943625,0.00346888155933982,0.003998986077618838,0.0016623943576597356,0.002184485263403957,0.00458515197624223,0.0037561348862475085,0.0017652791443545368,0.00367229612719413,0.00383758133004406,0.003853475119063887,0.0033783640903351396,0.0028310434269435804,0.0029261854225879347,0.0024184625101021594,0.0035584341761925485,0.0027829258850040617,0.008071727936016515,0.00804270422409914,0.002523155806365196,0.005239409913103543,0.003943357617947641,0.0039172052529302444,0.004359620912293849,0.005379443450812005,0.0011042681031952384,0.001186023786938506,0.00576730112418673,0.002906949905737122,0.00511104670379936,0.006258807781306075,0.0028792200454709873,0.004893181257683921,0.0057802843750238255,0.005155336816658007,0.004963303255477313,0.0018066415050299156,0.005262723243957624,0.00591076237920376,0.002236048392990142,0.0016692763466501503,0.004198376809070936,0.004981717797975449,0.0018025370253056394,0.0014073890439732395,0.003079645708578482,0.0028787831985887637,0.0012794752138582054,0.0030569559829622507,0.003204522064323356,0.0038372402560050032,0.003242285079345919,0.004055778514050701,0.0011744618667826501,0.0010910004243427807,0.004353675333565121,0.0071704909295036146,0.008180472440880493,0.0067288005763536775,0.006329148355666092,0.004773758663987593,0.0031140737684715704,0.002616855905625215,0.004327761234822702,0.004430865830645558,0.002148146932709949,0.0021951178425105413,0.0038778020256408753,0.006633997113959111,0.0036581426898329994,0.003077327842188282,0.004449920509706828,0.00377825421749165,0.003598502007260862,0.0027253658769545554,0.0022174598757736417
37,45.0,0.008655290793490877,0.004715300764092945,0.004569578712618494,0.009584609529717625,0.006233279696694183,0.005165827065473394,0.004807757959602555,0.006212169708680904,0.014492495769039947,0.0024032073775487107,0.0023967590063328713,0.016379755413709063,0.00727408630147437,0.00549161087654042,0.005566860062388201,0.0076143529251147864,0.002523567972107088,0.005356009531695349,0.004639190465722009,0.002323822372836304,0.003015187361562255,0.005022874944474865,0.007187786131117235,0.003758933379822338,0.004607233418590084,0.00363536474399524,0.0018496999544268533,0.003939369560711015,0.012048682421177404,0.0056390178818944035,0.006200284992463878,0.009256863920442272,0.00453426865313773,0.003477328151004144,0.004431567467066344,0.004557431013708424,0.010362661758655634,0.005021561310540079,0.007652620006037836,0.006996104775426204,0.002974008131419481,0.0029529636456530283,0.002900426115066068,0.0029823509927226154,0.0022149189098833234,0.0039017979941931456,0.004307722778973755,0.00182990113160173,0.0023729878070639643,0.005037188056100916,0.004057694720766137,0.0020377662625051586,0.003553313351213916,0.004022826439752691,0.0038665807928879303,0.003364104804446555,0.0028408944765004663,0.003075817362419286,0.002608443726382603,0.0033847390811445168,0.0030376510393807623,0.008773361889192444,0.008753232528383847,0.002853112626876708,0.005259773907829413,0.0037251879197647496,0.0036599522181987253,0.004552379598450074,0.005456777592218742,0.0011125220907544531,0.0012622189929047067,0.0058642365713737375,0.0028776097052769954,0.005442921990610472,0.006629605826385898,0.0029278554179704487,0.005308240514047213,0.006385031681580245,0.005936514628318434,0.005690745844353274,0.002416722333861543,0.00479146022605832,0.005159119491600706,0.0029514819962656704,0.0014633486174162158,0.003821431938670372,0.00460576657574876,0.0016363375107403045,0.001730937116465725,0.0031302198862704243,0.002930528420471745,0.001719891200739454,0.003264200880800416,0.003027786459315962,0.003756806608524954,0.003458315976753568,0.0037076793021135757,0.0007756757066402997,0.0006859611388620124,0.003962854027993501,0.007482421161746089,0.008839457276718577,0.007541302144968398,0.006475893135240085,0.0049741826316378026,0.0030882519159021625,0.0026498555759125963,0.004543030674268067,0.004283276516814283,0.002256903457296744,0.0022457943594993424,0.0036865405088128966,0.006415902418839892,0.0032363987033441786,0.0031426713485153356,0.004177925272566085,0.0039277294266696575,0.003834127470752691,0.0032690555908139627,0.002228525011663862
38,46.0,0.010120804040123943,0.005868572769876579,0.005233583671785169,0.011636452141672748,0.008943764116592234,0.006560265608484173,0.006278709524131898,0.00879152951256117,0.01946253235377,0.003029261661886551,0.0023627017088962534,0.022018412088822003,0.01154244372463964,0.007670696354625761,0.008111630757912991,0.012126237880290347,0.004262549603200228,0.00814027708124172,0.0075559160980184,0.004082587000385019,0.002613186547453239,0.006405005354055504,0.008560110024676248,0.0034458952177487843,0.005680899119221294,0.0029742117974237204,0.001718509094230569,0.004928827006948211,0.014238305635960558,0.005897550778536242,0.006664900905031601,0.011164919142247242,0.00715025239843996,0.00582810092607744,0.006580016841774494,0.0070300912664436055,0.01223677750504848,0.004517580921512376,0.007728809946977578,0.009090119317396273,0.004546726593476791,0.005125654382385392,0.0045176888040117545,0.0045450574574374515,0.003254408414996135,0.006422557005785023,0.0066377585055292345,0.002639334893813583,0.0035360930634027454,0.006676174481354024,0.005311835568006984,0.003450123260208926,0.003490217010443786,0.006234368489479181,0.006019721408205214,0.0030545161544324627,0.003530671658119644,0.004262661764435904,0.0037396173827403344,0.004006445126788804,0.004854047872864697,0.012360502713394084,0.011701957309564647,0.004728059638661364,0.007856196893290247,0.005216318362845129,0.005129597577339951,0.007082225548383292,0.007302779262452219,0.0021321418731510278,0.00236626743168884,0.007704880907449763,0.004195473872768219,0.007504072541496498,0.008610726589228079,0.00423818984157478,0.008651551131044499,0.009984846572380945,0.00966323203981787,0.009257896071326854,0.004208788726975854,0.0044001991473258785,0.004443084632240612,0.004735810586565492,0.0013811222014879832,0.0027169081061209966,0.003354061025412136,0.001580610097448698,0.0035132750734305773,0.004235724911034566,0.004180428373347667,0.003521428688505068,0.004929844156887242,0.0022893825560863943,0.0030313542360850933,0.005205755216980634,0.0038036064804337854,0.0005965613611792264,0.0005169552526325561,0.003988816076170565,0.011358342005869559,0.012802830910309381,0.011784191448982994,0.01002505285209807,0.007249884706033072,0.0044969695485349345,0.004299822088509586,0.006587384231119842,0.005922827428161526,0.003491625569409962,0.003586059013254328,0.005183388752462293,0.007632250285883657,0.0035840824359638646,0.004214557698841759,0.00554637285610724,0.004456359488582251,0.005801603584535542,0.005689260382303729,0.002542588998736761
39,47.0,0.010048429953444326,0.006731952455890422,0.00545815452265117,0.012030716061515534,0.01067401145377218,0.007798525446023774,0.00743356971275233,0.010138613500781445,0.02265482652437001,0.0035176386386041258,0.0022645590936555492,0.025791192954877574,0.015406194388415173,0.009166924493433015,0.009712037939070228,0.015770659342548753,0.005265991091862076,0.010845315100841902,0.010300544247049005,0.005147397816146082,0.0023600643505602647,0.007478045508163689,0.009665055990329564,0.0033363554382425777,0.00663724958829448,0.0026620740939293343,0.0016870859345544885,0.005944337506968367,0.015188577659112922,0.006684415384327025,0.007513365256326665,0.011965677633681792,0.009582136701622801,0.007982965342511505,0.008468345198215843,0.009161792791110911,0.012623181404475759,0.004057317635550106,0.007848551423949602,0.009994564489308999,0.005992345386876252,0.006740188146545733,0.00555963980075731,0.0059398185482720574,0.003585924812865926,0.008226302710189514,0.008433750422984332,0.002880162382800222,0.004403332390966597,0.008180327490107686,0.00638820271417515,0.004441663371800786,0.0028700043980300904,0.007651587584600605,0.0075668163487691235,0.0024033153294098497,0.003912194511948286,0.005083515057667398,0.004564701954070926,0.004351428401697177,0.0063241344080189775,0.01533456872188097,0.014136879353269193,0.006312985025406448,0.00924223949102725,0.006243618642938742,0.006167789390963208,0.008505872600783703,0.008571205495645273,0.0029778191211605074,0.0033505198203435784,0.008920339061369732,0.00522515062479414,0.009176100352979688,0.010186951125754717,0.005146426084090905,0.011743587191859462,0.012828076803475596,0.012823022354450587,0.012641438899841262,0.006071516495786966,0.0036043239216191126,0.003207301539345764,0.006650420059885675,0.0013358160554787445,0.0015999970382679861,0.0020327793248696934,0.0016027133894290558,0.004831866908401849,0.005184626621057476,0.0052244472124449715,0.004937017253151765,0.006579985953999312,0.0014523680516383309,0.0020890918505422464,0.006811029081662668,0.0038540604903211317,0.00045971114063902974,0.00044799054992950005,0.0039370690395927,0.014770062805598626,0.016904291463627173,0.01612615301378497,0.012977943822663462,0.009725266689275003,0.005558495551036912,0.005396563403720478,0.008625571667126053,0.007096604601406398,0.004465349176344091,0.004662820046253557,0.006114458847321913,0.00868559823542867,0.0038106889803010803,0.0048261383334789795,0.006580279392896671,0.00464442409743242,0.007005792249554332,0.007263577791004394,0.002748600671407786
